Gloss	Concepticon_ID	Synset
TWIST (AROUND)	3199	NA
SEIZE	855	NA
DAMAGE OR INJURE	3195	NA
MISPLACE	3072	NA
HIRE OR RENT	3213	NA
THIN (OF SHAPE OF OBJECT)	2249	NA
BEGIN OR START	3447	NA
SILENCE	3458	NA
SOUL	811	NA
AND	1577	NA
BECAUSE	1157	NA
IF	1459	NA
OR	1014	NA
HOW	1239	NA
HOW MUCH	531	NA
WHAT	1236	NA
WHEN	1238	NA
WHERE	1237	NA
WHICH	727	NA
WHO	1235	NA
WHY	1270	NA
BE SILENT	48	NA
COMMAND	1998	NA
HINDER OR PREVENT	3201	NA
MARRIAGE OR WEDDING	3182	NA
FATHER-IN-LAW (OF MAN)	2255	NA
MOTHER-IN-LAW (OF MAN)	2257	NA
SON-IN-LAW (OF MAN)	2267	NA
DAUGHTER-IN-LAW (OF MAN)	2265	NA
I	1209	NA
THOU	1215	NA
WE	1212	NA
THEY	817	NA
LOUSE	1392	NA
BREATH OR BREATHE	3183	NA
BE DEAD OR DIE	2101	NA
DROWNED	3187	NA
MIGHTY OR POWERFUL OR STRONG	3188	NA
ALCOHOL (FERMENTED DRINK)	404	NA
BRAID	1043	NA
GARDEN-HOUSE	403	NA
BRANCH OR TWIG	3223	NA
DO OR MAKE	2575	NA
TIN OR TINPLATE	3217	NA
FLASH (VERB)	2377	NA
THUNDER (VERB)	2378	NA
HAIL	609	NA
FROST	2034	NA
POND	2035	NA
PADDY FIELD	140	NA
GROUND	2159	NA
MOUNTAIN	639	NA
STONE	857	NA
IN FRONT OF	1883	NA
BEHIND	1686	NA
INSIDE	1606	NA
OUTSIDE	762	NA
THIS YEAR	513	NA
LAST YEAR	514	NA
JANUARY	2036	NA
FEBRUARY	2037	NA
DAY BEFORE YESTERDAY	1180	NA
DAY AFTER TOMORROW	1179	NA
LEPORID (RABBIT OR HARE)	2345	NA
DRAGON	2038	NA
TIGER	846	NA
MAGPIE	2039	NA
SPARROW	1854	NA
LOCUST	810	NA
BEDBUG	1949	NA
EARTHWORM	2350	NA
LEECH	2273	NA
BUG	1027	NA
WILLOW	818	NA
WILD RICE	3390	NA
BUCKWHEAT	2040	NA
TARO	351	NA
HEMP	2041	NA
PEA	2025	NA
SOYA	2027	NA
CUCUMBER	496	NA
WALNUT	2042	NA
PEACH	2043	NA
PEAR	922	NA
PERSIMMON	2044	NA
SPROUT (SHOOT)	3358	NA
STONE (OF FRUIT)	1762	NA
THORN	124	NA
PERSPIRE OR SWEAT	2458	NA
FAECES (EXCREMENT)	675	NA
URINE	1142	NA
OLD PERSON	725	NA
COLUMN	2045	NA
APRON	2046	NA
HEADDRESS	331	NA
HAT	771	NA
BAMBOO HAT	2160	NA
STRAW RAINCOAT	3540	NA
STRAW SANDAL	2047	NA
QUILT	2048	NA
HEMP CLOTH	2161	NA
UNCOOKED RICE	3289	NA
COOKED RICE	1191	NA
CONGEE	2049	NA
FAT (FROM ANIMALS)	1282	NA
OIL (FROM PLANTS)	2555	NA
PREPARED FOOD	3542	NA
PLOUGH (INSTRUMENT)	2154	NA
SIEVE (TOOL)	3353	NA
DUSTPAN	2051	NA
BUCKET	2052	NA
SMALL BOWL	2053	NA
CHOPSTICKS	1987	NA
CLAY POT	2055	NA
WOK	2056	NA
DUNG (ANIMAL FAECES)	2057	NA
STOOL	2058	NA
STAIRS	34	NA
FOLK SONG	2059	NA
STORY	2060	NA
MATTER	2150	NA
DEITY	3231	NA
BUDDHA	2061	NA
STRENGTH	202	NA
COST	242	NA
INTEREST	2062	NA
CLOSE (EYES)	2063	NA
PICK	2148	NA
TWIST (TOGETHER)	3236	NA
SCATTER (SEEDS)	2064	NA
TREAD	575	NA
CARRY ON BACK	465	NA
CARRY PERSON ON BACK	2153	NA
CUT (WITH AXE)	3151	NA
PULL UP (RICE SEEDLINGS)	2066	NA
PUT OUT TO PASTURE	2031	NA
FEED	739	NA
STICKING	254	NA
STIR FRY	2162	NA
FRY	991	NA
STEAM (VERB)	2067	NA
SOAK (VERB)	2069	NA
BOIL (SOMETHING)	2492	NA
CUT (WITH KNIFE)	2156	NA
CHOP (INTO PIECES)	2149	NA
CUT (WITH SCISSORS)	2155	NA
WEAR	976	NA
DRY IN SUN	3364	NA
SHAVE	231	NA
COMB (VERB)	2070	NA
LAY (VERB)	2071	NA
HIDE	2486	NA
USE (VERB)	2072	NA
ROB (VERB)	2073	NA
DECEIVE	3230	NA
ANGRY	1826	NA
FEAR (BE AFRAID)	1419	NA
LIKE	1117	NA
THINK	2271	NA
MUST	971	NA
BE ABLE	972	NA
THERE IS OR THERE ARE	2152	NA
DROP	750	NA
BREAK (CLEAVE)	2558	NA
MARRY (AS WOMAN)	2163	NA
MARRY (AS MAN)	2164	NA
GIVE BIRTH	1195	NA
GROW UP	552	NA
SWELL	1573	NA
BARKING	1206	NA
CROW (VERB)	2074	NA
BROOD (VERB)	2075	NA
SPROUT (VERB)	2076	NA
COARSE	2151	NA
FINE OR THIN	2157	NA
THIN (OF LEAF AND CLOTH)	2306	NA
FAT (OBESE)	1279	NA
OLD (USED)	2113	NA
BE LATE	425	NA
SPICY	544	NA
THIRSTY	847	NA
PAINFUL	1129	NA
DILIGENT	2077	NA
TEN THOUSAND	2078	NA
PERSON (CLASSIFIER)	516	NA
BOWL (CLASSIFIER)	2080	NA
CHICKEN (CLASSIFIER)	2081	NA
KNIFE (CLASSIFIER)	2082	NA
AXE (CLASSIFIER)	2083	NA
ROPE (CLASSIFIER)	2084	NA
STICK (CLASSIFIER)	2085	NA
GRAIN (CLASSIFIER)	2086	NA
DROP (CLASSIFIER)	2087	NA
CLOTHING (CLASSIFIER)	2088	NA
PAIR (CLASSIFIER)	2089	NA
WE (INCLUSIVE)	1131	NA
YOU	1213	NA
HE OR SHE OR IT	262	NA
MY	2090	NA
YOUR (SINGULAR)	732	NA
HIS OR HER	2092	NA
THIS	1214	NA
THAT	78	NA
HOW MANY	822	NA
JUST	84	NA
AFTERWARDS	2093	NA
SLOWLY	2165	NA
VERY	1311	NA
ABUSE	1953	NA
ANTHILL	1873	NA
SATIATED	106	NA
DRY UP	1786	NA
BELLY OR STOMACH	2114	NA
BELOW OR UNDER	1485	NA
BEWITCH	118	NA
BLADDER	1746	NA
BLIND PERSON	457	NA
BOIL	2493	NA
BREATH	870	NA
RAISE (A CHILD)	2134	NA
LOAD	1679	NA
BURN	2102	NA
BUSH	1683	NA
DISPEL	30	NA
CHILD	2099	NA
COURTYARD	4	NA
TRANSIT	574	NA
ORGANIC FAT OR OIL	2551	NA
FIST	1473	NA
ACCUSTOM	1118	NA
HOLD OR TAKE	2104	NA
HIT	1433	NA
HUNGER	1864	NA
HUNTER	1053	NA
HYENA	1799	NA
INCREASE	1041	NA
JEALOUSY	2016	NA
REST OR SLEEP	2116	NA
DESIRE	2117	NA
SHAMAN (FOLK HEALER)	394	NA
MOULD	1166	NA
MOVE AWAY	229	NA
OUR	780	NA
OVERCOME	1999	NA
RECOVER	1978	NA
REED	659	NA
RESEMBLE	1777	NA
RIPEN	179	NA
ROAST (SOMETHING)	1962	NA
SALIVA	1503	NA
SELF	1993	NA
SHARPEN (SOMETHING)	251	NA
SLAUGHTER	1796	NA
SORCERER	823	NA
SPARK	518	NA
SPOT	519	NA
SPRING (OF WATER)	849	NA
STICK	1295	NA
STRING	362	NA
UNDRESS	1755	NA
THIRST	848	NA
TORTOISE	895	NA
UP OR ABOVE	2379	NA
VEIN	1924	NA
WAR	935	NA
WELL	954	NA
BEER BANANA	2251	NA
DIMINISH	1184	NA
DRIZZLE	1016	NA
EXCRETA	47	NA
GET LOST	423	NA
SURPASS	402	NA
MAKE DRY	2015	NA
SHIN	186	NA
SMALLPOX	1054	NA
SMELL	2124	NA
SOOT	830	NA
SPERM	1505	NA
BANANA TREE	1795	NA
ENDURE	833	NA
BILE	1780	NA
SUNNY DAY	2742	NA
CLOUDY DAY	2743	NA
SEA OR OCEAN	2282	NA
LANDSCAPE	2342	NA
NEXT YEAR	515	NA
YEAR AFTER NEXT YEAR	2330	NA
YEAR BEFORE LAST YEAR	2331	NA
THREE DAYS FROM NOW	2332	NA
FORENOON	2775	NA
DUSK	2297	NA
DRAGON BOAT FESTIVAL	2186	NA
MID-AUTUMN FESTIVAL	2187	NA
NEW YEAR'S EVE	2188	NA
STEEL	2343	NA
TIN (METAL)	893	NA
COAL	2658	NA
PETROL	2344	NA
LEOPARD	1139	NA
EAGLE OR HAWK	2683	NA
WILD GOOSE	2776	NA
SWALLOW (BIRD)	3077	NA
CRESTED MYNA	2346	NA
MALE PIG	2487	NA
MALE DOG	2480	NA
FEMALE DOG	2481	NA
CAPRINE (GOAT OR SHEEP)	2684	NA
CAPON	2567	NA
CHICKEN CHICK	2513	NA
CARP (FISH)	2685	NA
CRUCIAN CARP	2784	NA
YELLOW CROAKER	2347	NA
CRAB	2348	NA
SHRIMP	2349	NA
BIVALVIA (MUSSELS OR OYSTERS)	2785	NA
TOAD	894	NA
SILKWORM	2351	NA
DRAGONFLY	2352	NA
CICADA	2353	NA
CRICKET	2354	NA
GECKO	2355	NA
HOOF	152	NA
PLUM BLOSSOM	2744	NA
APRICOT BLOSSOM	2745	NA
PEACH BLOSSOM	2746	NA
LOTUS	2359	NA
SWEET OLIVE FLOWER	2748	NA
MUGWORT	2361	NA
RICE PLANT	2026	NA
UNHUSKED RICE	2749	NA
GLUTINOUS RICE	2750	NA
BRAN	2362	NA
CHAFF (HUSK)	2363	NA
SORGHUM	347	NA
PEANUT	2364	NA
SUNFLOWER	1956	NA
CABBAGE	774	NA
RADISH	2365	NA
AUBERGINE	1146	NA
TOMATO	986	NA
ONION	2366	NA
GARLIC	2368	NA
MANDARINE	2367	NA
CHERRY	2765	NA
CHESTNUT	2318	NA
LITCHI	2768	NA
WATERMELON	2766	NA
SKIN (OF FRUIT)	2373	NA
MANTOU	1969	NA
BAOZI	511	NA
NOODLE	973	NA
CAKE	2408	NA
MEAT DISHES	2767	NA
PORK	2769	NA
PIG LIVER	2778	NA
PIG TONGUE	2777	NA
CHICKEN EGG	2779	NA
PIG FAT	2557	NA
SOYA SAUCE	1968	NA
VINEGAR	985	NA
BOILED WATER	3362	NA
SHAWL	2771	NA
HANDKERCHIEF	1020	NA
SLEEVE	2953	NA
KITCHEN	1365	NA
STEP	1158	NA
CUPBOARD	3357	NA
BOX	1465	NA
KITCHEN KNIFE	2772	NA
EARTHEN JUG	3409	NA
UMBRELLA	3105	NA
TOOTHBRUSH	2579	NA
ABACUS	2489	NA
SCALES (MEASURE INSTRUMENT)	2783	NA
FOOT (MEASURE)	2782	NA
FILE (TOOL)	3407	NA
PLANE (TOOL)	3408	NA
SMALL KNIFE	3233	NA
LADDER OR STAIRS	2689	NA
SICKLE	341	NA
LIME (MATERIAL)	2540	NA
ENVELOPE	3088	NA
SEAL	651	NA
PICTURE (PHOTOGRAPH)	3304	NA
HAIR (HEAD)	2648	NA
LEFT HAND	2182	NA
RIGHT HAND	2183	NA
FINGERTIP	2773	NA
LITTLE FINGER	2774	NA
DEAF PERSON	458	NA
MUTE PERSON	2320	NA
STUTTERER	3367	NA
PIMPLEFACE	3366	NA
BALDHEAD	3415	NA
HUNCHBACK	99	NA
LAME PERSON	2322	NA
MAD PERSON	2321	NA
PATERNAL UNCLE (FATHER'S OLDER BROTHER)	2173	NA
PATERNAL AUNT (WIFE OF FATHER'S OLDER BROTHER)	2170	NA
PATERNAL AUNT (WIFE OF FATHER'S YOUNGER BROTHER)	2171	NA
UNCLE (HUSBAND OF FATHER'S SISTER)	2690	NA
PATERNAL AUNT (FATHER'S SISTER)	2691	NA
MATERNAL GRANDFATHER	2178	NA
MATERNAL GRANDMOTHER	2177	NA
MATERNAL UNCLE (MOTHER'S BROTHER)	2692	NA
MATERNAL AUNT (MOTHER'S SISTER)	2693	NA
MATERNAL UNCLE (HUSBAND OF ONE'S MATERNAL AUNT)	2694	NA
MATERNAL AUNT	2176	NA
FATHER-IN-LAW (OF WOMAN)	2254	NA
MOTHER-IN-LAW (OF WOMAN)	2256	NA
SISTER-IN-LAW (OLDER BROTHER'S WIFE)	2695	NA
BROTHER-IN-LAW (OLDER SISTER'S HUSBAND)	2696	NA
BROTHER-IN-LAW (YOUNGER SISTER'S HUSBAND)	2697	NA
BROTHER-IN-LAW (HUSBAND'S OLDER BROTHER)	2698	NA
BROTHER-IN-LAW (HUSBAND'S YOUNGER BROTHER)	2699	NA
SISTER-IN-LAW (HUSBAND'S OLDER SISTER)	2700	NA
SISTER-IN-LAW (HUSBANDS YOUNGER SISTER)	2701	NA
DAUGHTER-IN-LAW	1057	NA
SON-IN-LAW	1056	NA
GRANDSON (SON'S SON)	2702	NA
GRANDCHILD (DAUGHTER'S OFFSPRING)	2703	NA
FRONT (PART)	2194	NA
BACK (PART)	2323	NA
NEXT TO	2917	NA
POWDER	3368	NA
GARBAGE	909	NA
PIGSTY	3369	NA
CHICKEN NEST	2764	NA
COFFIN	2011	NA
AFFAIR	2214	NA
RAIN (RAINING)	1253	NA
MELT	2334	NA
FADE (LOOSE COLOR)	2704	NA
INHALE	2705	NA
GNAW	2706	NA
BLOW (WITH MOUTH)	176	NA
RAISE	1317	NA
CARRY HORIZONTALLY	2763	NA
CARRY IN HAND	412	NA
BLOCK (THE WAY)	2762	NA
PULL OUT	2325	NA
CLOG (SOMETHING)	2707	NA
FASTEN	1094	NA
FILL	2006	NA
STRIKE	353	NA
STAND UP	570	NA
RELY ON	3370	NA
TUMBLE (FALL DOWN)	2894	NA
HIDE (ONESELF)	2485	NA
CARRY ON SHOULDER	413	NA
RUN AWAY	2142	NA
WEAR (ON HEAD)	3428	NA
WASH (ONESELF)	3371	NA
SUNBATHE	3131	NA
IRON (CLOTHES)	3118	NA
POINT (WITH FINGER)	2669	NA
TALK	2708	NA
MANAGE	3073	NA
MAKE A JOKE	2760	NA
BECOME ANGRY	2215	NA
RECOMMEND	2759	NA
FLATTER	2709	NA
ACCOMPANY	1542	NA
WORK (ACTIVITY)	1086	NA
BE ALIVE	1422	NA
TAKE A PHOTO	2710	NA
WIN	866	NA
TRANSPORT	2711	NA
BECOME SICK	2327	NA
CATCH A COLD	2184	NA
GET DIZZY	2712	NA
HAVE A FEVER	2713	NA
HAVE DIARREA	2714	NA
DESPISE	2715	NA
BLAME (SOMEBODY)	2716	NA
INTEND	22	NA
DOUBT (SOMETHING)	3536	NA
CAREFUL	2758	NA
MISS (SOMEBODY)	2328	NA
NECESSARY	1030	NA
LACK (NOT HAVE)	2329	NA
LOOSE	2506	NA
WASTE	79	NA
LOW (HEIGHT)	2191	NA
BROAD	2531	NA
ANGULAR (SQUAREFORMED)	2757	NA
OPPOSITE	885	NA
SLANTED	3075	NA
HORIZONTAL	2376	NA
VERTICAL	2375	NA
STEEP	2717	NA
STRONG (OF DRINK)	2718	NA
BROKEN (SHATTERED)	3191	NA
TURBID	537	NA
DIFFERENT	2504	NA
HOT OR WARM	2272	NA
COLD (OF WEATHER)	2483	NA
TASTELESS	1771	NA
BE HUNGRY	1533	NA
ITCHY	149	NA
BUSY	2755	NA
IDLE	2756	NA
FAT (OILY)	2719	NA
THIN (SLIM)	1400	NA
OLD (AGED)	2112	NA
GOOD-LOOKING	2410	NA
HONEST	1120	NA
CUNNING	2335	NA
STRANGE	600	NA
SHY	487	NA
OVER HERE	3410	NA
OVER THERE	3411	NA
OF THIS KIND (SUCH)	2336	NA
OF THAT KIND (SUCH)	2337	NA
HOW LONG	2338	NA
FISH (CLASSIFIER)	2720	NA
TREE (CLASSIFIER)	2721	NA
TUFT (CLASSIFIER)	2722	NA
BUD (CLASSIFIER)	2723	NA
CHAIN (CLASSIFIER)	2724	NA
PORTION (CLASSIFIER)	2725	NA
STALK (CLASSIFIER)	2726	NA
BOTTLE (CLASSIFIER)	2727	NA
MOUTHFUL (CLASSIFIER)	2728	NA
SHEET (CLASSIFIER)	2729	NA
HAT (CLASSIFIER)	2730	NA
NEEDLE (CLASSIFIER)	2731	NA
HOUSE (CLASSIFIER)	2732	NA
BRIDGE (CLASSIFIER)	2733	NA
DOOR (CLASSIFIER)	2734	NA
CAR (CLASSIFIER)	2735	NA
SHIP (CLASSIFIER)	2736	NA
AFFAIR (CLASSIFIER)	2737	NA
DEAL (CLASSIFIER)	2738	NA
WHILE	726	NA
ONE TIME	374	NA
WALK (CLASSIFIER)	2739	NA
BEAT (CLASSIFIER)	2740	NA
BIT (CLASSIFIER)	2741	NA
ALREADY	2576	NA
A LITTLE	2924	NA
TOGETHER	2482	NA
STILL (CONTINUING)	2919	NA
NOT	1240	NA
BY (PASSIVE MARKER)	2751	NA
INSTEAD	1652	NA
IN	1460	NA
FROM	693	NA
UNTIL	2753	NA
TOWARDS	2754	NA
WE TWO (EXCLUSIVE)	2636	NA
WE TWO (INCLUSIVE)	2637	NA
THEY TWO	2635	NA
BLUE TONGUED SKINK	3021	NA
ECHIDNA	3008	NA
EMU	2817	NA
POSSUM	470	NA
WHITE COCKATOO	3009	NA
WAGTAIL	3010	NA
GRUB	3011	NA
ABOVE	1741	NA
AT	1461	NA
EVIL	45	NA
BAG	2468	NA
BANDICOOT	3012	NA
BLACK COCKATOO	3013	NA
BLACK DUCK	3014	NA
PIMPLE	1809	NA
BREAK (BREAKING)	3020	NA
BROTHER-IN-LAW	2314	NA
CREEK (TIDAL)	990	NA
DIGGING STICK	339	NA
WOLF-LIKE ANIMAL	2461	NA
DREAMING OR DREAM	2455	NA
PATERNAL GRANDFATHER	2560	NA
PATERNAL GRANDMOTHER	3015	NA
FATHER'S SISTER	170	NA
FIRE STICK	3016	NA
MONITOR LIZARD	3017	NA
HE OR SHE	2642	NA
HILL	614	NA
LARGE WILD HERBIVORE	2456	NA
KINGFISHER	2444	NA
LARVA	2640	NA
MALE PERSON	2106	NA
MARROW	1835	NA
FLESH OR MEAT	2615	NA
MOTHER'S BROTHER	1984	NA
MOUSE	1491	NA
NATIVE CAT	3018	NA
NO OR NOT	2279	NA
NOW OR TODAY	2097	NA
PAINFUL OR SICK	2103	NA
PELICAN	472	NA
RAINING OR RAIN	2108	NA
PATH OR ROAD	2457	NA
SAND HILL	3019	NA
SPEARTHROWER	2677	NA
SWAN	2837	NA
GRINDSTONE	2459	NA
WAIT (FOR)	1590	NA
WE (EXCLUSIVE)	1130	NA
WINNOWING	2462	NA
FEMALE PERSON	2105	NA
UPPER ARM	431	NA
MALE	1553	NA
RAPIDS	1670	NA
BLOWGUN	432	NA
PUMA	1891	NA
ARMADILLO	1885	NA
OTTER	15	NA
CEBUS MONKEY	439	NA
HOWLER MONKEY	433	NA
SPIDER MONKEY	434	NA
CAPYBARA	314	NA
PACA	316	NA
CAIMAN	2438	NA
IGUANA	1578	NA
COLLARED PECCARY	435	NA
WHITE-LIPPED PECCARY	436	NA
AGOUTI	313	NA
RAT	1490	NA
ANACONDA (WATER BOA)	896	NA
RATTLESNAKE	871	NA
CORAL SNAKE	2240	NA
HUMMINGBIRD	1589	NA
MACAW	1630	NA
PARAKEET	886	NA
BUZZARD	1865	NA
CURASSOW	315	NA
GUAN	437	NA
PIRANHA	317	NA
CHIGGOE (JIGGER FLEA)	438	NA
LEAF (LEAFLIKE OBJECT)	2250	NA
MANIOC FLOUR	324	NA
ACHIOTE	349	NA
COCA	137	NA
BANISTERIUM	276	NA
PLANTAIN	399	NA
CHONTA PALM	440	NA
CHICHA	441	NA
CUSHMA	450	NA
MASK	2005	NA
HE	1211	NA
SHE	1834	NA
IT	169	NA
CROWN (OF HEAD)	1943	NA
FRONT TOOTH (INCISOR)	442	NA
TIP (OF TONGUE)	443	NA
LONG HAIR	444	NA
ADAM'S APPLE	802	NA
UPPER BACK	445	NA
LOWER ARM	446	NA
LOWER LEG	447	NA
STORM CLOUDS	448	NA
CORN FIELD	449	NA
STREAM	947	NA
PEBBLES	961	NA
CLAW OR NAIL	2128	NA
SIT DOWN	1649	NA
WITH	1340	NA
PIERCE	398	NA
NOTHING OR ZERO	3198	NA
CENTER OR MIDDLE	3208	NA
BEFORE	1882	NA
DOWN OR BELOW	2094	NA
BESIDE	1816	NA
AFTER	1685	NA
OAR	3137	NA
CARRY UNDER ARM	415	NA
CARRY ON HEAD	414	NA
CRAWL OR CREEP	3456	NA
DROP (SOMETHING)	2866	NA
TURN AROUND	1444	NA
NETBAG	293	NA
BRAID (VERB) OR WEAVE (BASKET)	3294	NA
BRONZE OR COPPER	3192	NA
STAB TO DEATH	3189	NA
FISH POISON	348	NA
FORKED BRANCH	409	NA
MEN'S HOUSE	408	NA
HEADBAND OR HEADDRESS	3457	NA
FLAX OR LINEN	3462	NA
SIEVE OR STRAIN	3448	NA
KNIFE (FOR EATING)	3210	NA
BE ALIVE OR LIFE	3184	NA
DAUGHTER-IN-LAW (OF WOMAN)	2264	NA
SON-IN-LAW (OF WOMAN)	2266	NA
MOTHER'S SISTER	171	NA
FATHER'S BROTHER	1985	NA
WORLD	965	NA
FOR A LONG TIME	418	NA
YES	1268	NA
HOW MANY PIECES	3450	NA
ALLOW OR PERMIT	3237	NA
CANNON OR GUN	3203	NA
FISH TRAP	389	NA
ELF OR FAIRY	3206	NA
THIRTEEN	1708	NA
EIGHTEEN	1713	NA
NINETEEN	1714	NA
TWENTY ONE	1734	NA
TWENTY FOUR	1736	NA
TWENTY FIVE	1738	NA
THIRTY	1715	NA
FORTY	1716	NA
FIFTY	1717	NA
SIXTY	1718	NA
SEVENTY	1721	NA
EIGHTY	1722	NA
NINETY	1724	NA
ANUS	1935	NA
DRUMMING	111	NA
HARMATTAN	451	NA
RAINY SEASON	453	NA
DRY SEASON	452	NA
BAOBAB TREE	997	NA
MAHOGANY TREE	455	NA
TAMARIND	35	NA
SHEA NUT TREE	454	NA
COMPOUND	483	NA
FARM	201	NA
WILD ANIMAL	958	NA
BABOON	1197	NA
GAZELLE	5	NA
DUIKER	1872	NA
GUINEA FOWL	456	NA
WILD CAT	2241	NA
PYTHON	1563	NA
MUSH	400	NA
SAUCE	132	NA
GRUEL	1167	NA
OKRA	1737	NA
GROUNDNUTS	595	NA
MELON	507	NA
DEATH	910	NA
ULCER	1189	NA
FATIGUE	1140	NA
TRUTH	1638	NA
BOUBOU	461	NA
WRAPPER	462	NA
DIRT	25	NA
HEAT	612	NA
ATOP	57	NA
BETWEEN	689	NA
DRESS UP	814	NA
ARRANGE	1568	NA
MOISTEN	28	NA
BRAID (VERB)	3295	NA
SNAPP (OF STICK)	459	NA
BREAK (OF ROPE)	460	NA
MOUSTACHE	1165	NA
FINGERNAIL OR TOENAIL	1896	NA
TASTE	2190	NA
SLEEP (STATE)	2972	NA
DREAM	2374	NA
COLD (CHILL)	2932	NA
HOARFROST	2942	NA
CURRENT (STREAM)	2935	NA
MOORLAND	2962	NA
GRASSLAND	2819	NA
ELEVATION	2936	NA
SUMMIT	1614	NA
SLOPE	3076	NA
SHORE OF LAKE	3464	NA
COAST	1525	NA
TWIG	3222	NA
PAW	2965	NA
LAIR	2949	NA
FLOCK (OF ANIMALS)	2939	NA
SWARM (OF BIRDS)	2974	NA
CRANE	1830	NA
CUCKOO	2934	NA
PERCH (FISH)	2966	NA
PIKE (FISH)	2967	NA
BERRY	904	NA
APPLE	1320	NA
PIT (POTHOLE)	2539	NA
NOOSE	2604	NA
JOY	2524	NA
LAUGHTER	2958	NA
HAPPINESS	2941	NA
LONGING (WISH)	2960	NA
THOUGHT	2975	NA
MEMORY	1018	NA
MEANING	2950	NA
REASON	2968	NA
CONVERSATION	2933	NA
FAIRY TALE	2937	NA
MESSAGE	2961	NA
NEWS	2964	NA
SIGN	1720	NA
CALL (APPEAL)	2944	NA
NOISE	1182	NA
TONE (MUSIC)	2995	NA
GIFT	2982	NA
GAME	2467	NA
COMPANIONSHIP	2983	NA
HELP (ASSISTANCE)	3467	NA
COUNT (QUANTITY)	2945	NA
KIND (THING)	844	NA
STROKE (OF PEN)	2993	NA
GAP (DISTANCE)	2948	NA
DISTANCE	2978	NA
AREA	2980	NA
SPACE (AVAILABLE)	3006	NA
ITEM	2981	NA
FRINGE	2989	NA
TIP (OF OBJECT)	2992	NA
PATTERN	2988	NA
SIZE (OF OBJECT)	2845	NA
LENGTH	2537	NA
HEIGHT	2985	NA
WEIGHT	2466	NA
AMOUNT	2987	NA
HEAP	2984	NA
SKI	2991	NA
CAMPFIRE	2986	NA
WALK (MANNER)	2979	NA
SLAB	2952	NA
SUPPORT (OF OBJECT)	2994	NA
TUBE	2956	NA
HOME	2406	NA
CRADLE	2946	NA
GATE	2940	NA
NET	2963	NA
HANDLE	1254	NA
PICTURE (PAINTING)	3303	NA
DOLL	1659	NA
POUCH	2951	NA
BUNDLE	2943	NA
LID (COVER, CAP)	2319	NA
SACK	2990	NA
SLICE	2954	NA
CAP	1288	NA
RIBBON	2969	NA
STRAP	2973	NA
LEASH	2959	NA
CHARACTER	1024	NA
SIN	2971	NA
WORKER	2977	NA
BOSS	2930	NA
BUSINESS	2931	NA
SHOP	746	NA
WARE	2957	NA
BENEFIT	2929	NA
WEALTH	2996	NA
STATE (POLITICS)	2955	NA
POWER	2526	NA
BORDER	2546	NA
VIOLENCE	2976	NA
UNTRUTH	475	NA
DAMAGE (INJURY)	2947	NA
MARCH	2846	NA
APRIL	2847	NA
MAY (MONTH)	2848	NA
JUNE	2849	NA
JULY	2850	NA
AUGUST	2851	NA
SEPTEMBER	2852	NA
OCTOBER	2853	NA
NOVEMBER	2854	NA
DECEMBER	2855	NA
DENSE	2239	NA
SOLID	3003	NA
FRESH	243	NA
DAMP	2998	NA
OPEN (STATE)	3235	NA
CLOSED	589	NA
TASTY	1813	NA
GREY	153	NA
COLORFUL	2997	NA
PRECIOUS	3002	NA
POWERFUL	3001	NA
DEXTEROUS	1824	NA
DEAR	2470	NA
MERRY	1976	NA
GENTLE	1954	NA
SAD	699	NA
SEVERE	419	NA
FORMER	3004	NA
FAMILIAR	3005	NA
FOREIGN	109	NA
SUDDENLY	2920	NA
INSTANTLY (IMMEDIATELY)	2916	NA
THEN	2921	NA
ONCE (IN THE PAST)	2914	NA
AT THAT TIME	2922	NA
AT FIRST	2915	NA
HITHER (HERE TO)	2925	NA
FROM HERE	2927	NA
THITHER (THERE TO)	2923	NA
FORWARD	2912	NA
BACKWARD	2911	NA
BACK (DIRECTION)	2910	NA
EVERYWHERE	2999	NA
HARDLY	2926	NA
IN VAIN	1765	NA
THROUGH	97	NA
BECAUSE OF	2918	NA
WHITHER (WHERE TO)	2928	NA
LIE (REST)	1411	NA
HANG	2884	NA
HAPPEN	248	NA
CHANGE (BECOME DIFFERENT)	2857	NA
SET (HEAVENLY BODIES)	160	NA
STREAM (FLOW CONTINUOUSLY)	2858	NA
SWAY	573	NA
SWING (MOVEMENT)	2871	NA
SMOKE (EMIT SMOKE)	2859	NA
THAW (DEW)	2887	NA
SPOIL (BECOME SPOILED)	569	NA
ROT	2907	NA
PASS	1951	NA
EMERGE (APPEAR)	1076	NA
DECREASE	2864	NA
TWINKLE	2889	NA
CHIME (ACTION)	2897	NA
RING (MAKE SOUND)	2875	NA
TINKLE	2888	NA
ROAR (OF SEA)	2876	NA
RUSTLE (OF LEAVES)	2877	NA
SOUND (OF INSTRUMENT OR VOICE)	2879	NA
GET TIRED	1996	NA
FALL ASLEEP	1106	NA
ACHE	1815	NA
DIE (FROM ACCIDENT)	2865	NA
MOVE (ONESELF)	2874	NA
BUDGE (ONESELF)	2861	NA
STEP (VERB)	2065	NA
WALK (TAKE A WALK)	2890	NA
BOLT (MOVE IN HASTE)	2860	NA
DASH (OF VEHICLE)	2863	NA
CREEP	3215	NA
HALT (STOP)	2880	NA
PREPARE	2909	NA
MOVE (AFFECT EMOTIONALLY)	2873	NA
BE ANGRY	2223	NA
ESCAPE	1615	NA
WATCH	1650	NA
FEEL (TACTUALLY)	2559	NA
VISIBLE	1868	NA
SUCCEED	1112	NA
RESULT IN	1723	NA
CONNECT	2862	NA
PRODUCE	2886	NA
REPAIR	2243	NA
IMPROVE (SOMETHING)	2872	NA
BEND (SOMETHING)	2224	NA
KNOCK	2396	NA
STRIKE (SOMETHING)	3309	NA
JOG (SOMETHING)	2899	NA
SWING (SOMETHING)	2901	NA
DRAG	2030	NA
ADD	2882	NA
HINDER	554	NA
SPOIL (SOMEBODY OR SOMETHING)	92	NA
DONATE	196	NA
COMMEND	3455	NA
WAKE UP (SOMEONE)	3174	NA
URGE (SOMEONE)	2881	NA
CAUSE TO (LET)	2896	NA
VISIT	1377	NA
PROTECT	2900	NA
BRAWL (FIGHT)	2902	NA
MAKE ANGRY (ANNOY)	2892	NA
STRIKE (SOMEONE)	3308	NA
STING	571	NA
DISTURB	2883	NA
BOTHER (HARASS)	2869	NA
SWINDLE	3055	NA
FISHING	2638	NA
HERD (SOMETHING)	2885	NA
DRIVE (CATTLE)	2868	NA
TIE UP (TETHER)	2891	NA
IRRIGATE	3078	NA
STIR	696	NA
KNIT	2905	NA
CLEAN (SOMETHING)	2235	NA
RINSE	2904	NA
DECORATE	1739	NA
CHAT (WITH SOMEBODY)	2903	NA
CONVEY (A MESSAGE)	2898	NA
TRANSLATE	2906	NA
NOTICE (SOMETHING)	2893	NA
RECOGNIZE (SOMEBODY)	2870	NA
CALCULATE	2867	NA
ONE HUNDRED AND TWENTY THREE	3164	NA
BARN OR SHED	3025	NA
BETELNUT	217	NA
BETEL PEPPER VINE	177	NA
BREADFRUIT	2371	NA
BRIDE PRICE	3024	NA
BURN LAND	3539	NA
CHEW BETEL	3161	NA
CONJUNCTIVITIS	3026	NA
COOKED CORN	3027	NA
CORAL ROCK	3179	NA
DIBBLE STICK	3155	NA
GRAVEL	3028	NA
EUCALYPT	3007	NA
GUTS	1334	NA
JACKFRUIT	2655	NA
LONTAR PALM	3030	NA
MACHETE	2680	NA
MANGO	2398	NA
MORINGA TREE	3031	NA
OLDER SIBLING	405	NA
PAPAYA	2445	NA
RATTAN	2497	NA
RIDGE	1748	NA
SORE	51	NA
THATCH OR ROOF	2100	NA
SAGO	2270	NA
SCAB	2664	NA
SCARED	3033	NA
SHOOT (WITH SLINGSHOT)	3180	NA
STARFISH	3032	NA
SUGAR PALM	3029	NA
BATHE (SOMEONE)	3170	NA
TWO HUNDRED	2676	NA
YOUNGER SIBLING	427	NA
ASHAMED	1894	NA
AWAKE	825	NA
BEETLE	2242	NA
BELCH	2245	NA
BELL	2246	NA
CATERPILLAR	2247	NA
FAT (OF MEAT AND FOOD)	2449	NA
FIX	3074	NA
FLAVOR	2938	NA
GET UP FROM BED	3350	NA
JOINT	999	NA
KNOW (SOMEBODY)	2248	NA
LIQUOR	842	NA
METAL	2244	NA
NET (FOR CATCHING)	2653	NA
PHLEGM	3061	NA
SMALL (NOT TALL)	2484	NA
EXCHANGE	2509	NA
TALL (PERSON)	3346	NA
CLIFF	992	NA
RUST	3064	NA
MOON OR MONTH	2463	NA
BOVINE	3044	NA
WATER BUFFALO	2516	NA
PHEASANT	3060	NA
FEATHER OR FUR OR HAIR	2381	NA
HORN (INSTRUMENT)	939	NA
BAMBOO SHOOT	2494	NA
CROPS	3081	NA
HIGHLAND BARLEY	3079	NA
RAMIE	3063	NA
TURNIP	3062	NA
GINGER	2500	NA
SEEDLING	3050	NA
PLANT STEM	2628	NA
BUD	1684	NA
SPIKE	1249	NA
SWEAT (SUBSTANCE)	125	NA
MALARIA	3059	NA
OFFICIAL	3361	NA
HAN CHINESE	3373	NA
AUTONYM (OF PEOPLE)	3433	NA
PATERNAL UNCLE (FATHER'S YOUNGER BROTHER)	2174	NA
PATERNAL AUNT	2175	NA
MATERNAL AUNT (WIFE OF MOTHER'S BROTHER)	2172	NA
FATHER-IN-LAW	1055	NA
MOTHER-IN-LAW	1050	NA
CITY	2547	NA
SCARF OR TURBAN	3066	NA
WRISTWATCH	3349	NA
SOCK	1522	NA
MOSQUITO NET	2795	NA
RICE HUSK	2501	NA
FODDER	3046	NA
FLAIL	3057	NA
CANNON	3202	NA
BULLET	1114	NA
GUNPOWDER	1798	NA
WHIP	2630	NA
SADDLE	3065	NA
CLEAVER	3067	NA
LAMP	625	NA
VEHICLE	2549	NA
PENCIL	2578	NA
INK	2643	NA
FLAG	2623	NA
GONG	2502	NA
HARMONICA	2590	NA
COURAGE	3049	NA
SURNAME	3426	NA
OPEN (EYES)	3234	NA
WRING	3224	NA
TRAVERSE	1742	NA
GRAZE	3058	NA
GELD	29	NA
CHANGE (SOMETHING)	2856	NA
WARM UP	2032	NA
MINCE (SOMETHING)	3082	NA
INSERT	3071	NA
STRAIN	940	NA
UNCOVER	1108	NA
BE DEFEATED	3535	NA
HIT (A TARGET)	3307	NA
KNOW OR BE ABLE	2238	NA
NOT HAVE	3363	NA
PASS BY	558	NA
SPLIT OPEN	3080	NA
LADLE (WATER)	2788	NA
LAY EGGS	2464	NA
BLOOM	3287	NA
BEAR FRUIT	3054	NA
HOLD A MEETING	3070	NA
HIGH OR TALL	2790	NA
SUNNY	2340	NA
CLOUDY	2341	NA
WATERY	3545	NA
LEAN (MEAT)	2219	NA
PURE	1147	NA
OLD (OF MAN)	565	NA
FALSE	3069	NA
TIGHT	3053	NA
COOL DOWN	3068	NA
CORRECT (SOMETHING OR SOMEBODY)	2231	NA
SMART	2530	NA
FOURTEEN	2451	NA
SIXTEEN	2454	NA
SEVENTEEN	2453	NA
ANIMAL (CLASSIFIER)	3056	NA
CATTY (MASS UNIT)	2647	NA
WE TWO	2634	NA
YOU TWO	2111	NA
SOMEONE	2422	NA
WIRE	2631	NA
DIFFERENT-SEX OLDER SIBLING	3039	NA
SKIN (ANIMAL)	2614	NA
ARM OR HAND	2121	NA
BECOME EXTINGUISHED	2209	NA
BEAT	1665	NA
SUIT	764	NA
BOW STRING	2119	NA
DELIGHT	1271	NA
CONGEAL (BLOOD)	2395	NA
COWARD	1319	NA
CRUSH	1520	NA
DULL	1397	NA
CHECK	1975	NA
PARENTS-IN-LAW	306	NA
BECOME SOUR	2229	NA
FISHING (WITH A HOOK)	2796	NA
GET WET	2324	NA
GIRAFFE	3089	NA
HUMP	534	NA
PEAK	2205	NA
SLOTH	2446	NA
JOURNEY	2393	NA
FOOT OR LEG	2098	NA
LIVE	2309	NA
LOBSTER	2397	NA
CARE FOR	253	NA
MARRIAGE	2432	NA
OWNER	1036	NA
OYSTERS	2830	NA
PALATE	540	NA
PORCUPINE	2510	NA
RHINOCEROS	2591	NA
ROCK	668	NA
SCYTHE	20	NA
WHITE MAN	2839	NA
FLYING FOX	235	NA
PORPOISE	114	NA
CUT NUT	2370	NA
PANDANUS	469	NA
SAGO PALM	2372	NA
TURMERIC	2842	NA
YOUR (PLURAL)	2274	NA
THEIR	2400	NA
COPULATE	549	NA
BE THIRSTY	3474	NA
HARVEST OR HARVEST SEASON	3541	NA
BROKEN (NOT WORKING)	3190	NA
HOPE (SOMETHING)	3212	NA
WITHOUT	1478	NA
INITIATION CEREMONY	1946	NA
TUMPLINE	294	NA
CRUSTACEANS (PRAWNS OR SHRIMP)	2686	NA
MANIOC BREAD	407	NA
SIBLING'S CHILD	173	NA
CHILD-IN-LAW	1060	NA
SIBLING-IN-LAW	1832	NA
NOTHING	687	NA
SAME-SEX OLDER SIBLING	3037	NA
SAME-SEX YOUNGER SIBLING	3038	NA
DIFFERENT-SEX YOUNGER SIBLING	3040	NA
CASSOWARY	466	NA
FEMALE	1551	NA
CRAYFISH	467	NA
WALLABY	165	NA
LIME (FRUIT)	982	NA
COCONUT TREE	147	NA
TREETOP	3036	NA
SHRUB	751	NA
FISHING SPEAR	841	NA
G-STRING	468	NA
LOINCLOTH	1965	NA
INSIDE A HOUSE	3305	NA
FESTIVAL	131	NA
US (OBLIQUE CASE OF WE)	2310	NA
HIS (GENITIVE OF HE)	2473	NA
ME	2301	NA
YOU (HONORIFIC)	3293	NA
THOU (HONORIFIC)	3292	NA
CAULIFLOWER	2843	NA
BASTARD	1947	NA
WILD BOAR	3154	NA
BREAST OR MILK	2129	NA
BITTER BUCKWHEAT	3256	NA
CIVET	3157	NA
RAVINE	1930	NA
CLITORIS	3257	NA
CLOUD OR FOG	3275	NA
THREE DAYS BEFORE NOW	2333	NA
MUNTJACS	3152	NA
WILD DOG	2448	NA
FALCON	3258	NA
FETCH	3551	NA
GORAL	3259	NA
HATCH (OUT)	3116	NA
HORNBILL	3260	NA
HORNET	3261	NA
HORSEFLY	3262	NA
KISS (NOUN)	3454	NA
LAP	3263	NA
WATER LEECH	949	NA
ANIMAL OR MEAT	2096	NA
FINGER MILLET	3265	NA
FOXTAIL MILLET	3266	NA
OIL (HYDROPHOBIC LIQUID)	2556	NA
PANGOLIN	2508	NA
PULSE	3267	NA
QUESTION	3268	NA
SPHERICAL (ROUND IN THREE DIMENSIONS)	2303	NA
SEROW	3270	NA
SISTER-IN-LAW	2317	NA
BARK OR SKIN	2127	NA
FLYING SQUIRREL	3271	NA
DAY OR SUN	2140	NA
TAKIN	3272	NA
TILL	3273	NA
TRIVET	3264	NA
ELEPHANT TUSK	2495	NA
PORCH	3269	NA
ENCIRCLE	3274	NA
FORD (CROSSING)	2818	NA
SUFFICE	3475	NA
CYPRESS	3243	NA
MAPLE TREE	3248	NA
FRUIT (CLASSIFIER)	3246	NA
KIWIFRUIT	3247	NA
EAR (OF GRAIN)	3244	NA
RICE STRAW	3391	NA
SPINACH	975	NA
CORIANDER	3241	NA
MUSTARD	3181	NA
SESAME	2797	NA
PRICKLY ASH	3253	NA
MOLD (GET ROTTEN)	3251	NA
FROG (SMALL)	3245	NA
MANTIS	3279	NA
PANCREAS	3252	NA
RICE STEAMER	3431	NA
CROSSBOW	3193	NA
SHOULDER POLE	3432	NA
BAMBOO MAT	3240	NA
TILE	3404	NA
MATERNAL UNCLE (MOTHER'S OLDER BROTHER)	3249	NA
MATERNAL UNCLE (MOTHER'S YOUNGER BROTHER)	3250	NA
YOUNG ANIMAL	3254	NA
AMUSE ONESELF (HAVE FUN)	3239	NA
RISE (ONESELF)	1512	NA
LAUNDER	2503	NA
PULL UP WEEDS	3548	NA
BEND (ONESELF)	2761	NA
HURT (SOMEBODY)	2411	NA
GLOOMY	1552	NA
IDENTICAL	2276	NA
GALL BLADDER	3372	NA
COMB OF BIRD	188	NA
BIRD NEST	3549	NA
WOODPECKER	2447	NA
ROUNDWORM	3397	NA
WASP NEST	3412	NA
CHINESE PLUM	2356	NA
ORANGE (FRUIT)	2627	NA
GOURD OR MELON	3398	NA
WAX GOURD	3444	NA
BEAN OR PEA	2574	NA
MUER (FUNGUS)	3392	NA
BEEF	2570	NA
SHEEP MEAT	3394	NA
LEAN MEAT	3393	NA
WHITE SUGAR	3441	NA
BROWN SUGAR	3440	NA
WHITE (OF EGGS)	3439	NA
TOFU	3443	NA
YARN	3445	NA
COTTON WOOL	3442	NA
WAREHOUSE	3399	NA
BUILDING	3396	NA
BAMBOO BASKET	3360	NA
LADLE	2657	NA
RULER	3405	NA
MERCHANDISE	3406	NA
RIDDLE	2970	NA
CARD	2619	NA
EGG (CLASSIFIER)	3417	NA
RIVER (CLASSIFIER)	3418	NA
STONE (CLASSIFIER)	3419	NA
STOREY (CLASSIFIER)	3420	NA
SENTENCE (CLASSIFIER)	3421	NA
SONG (CLASSIFIER)	3422	NA
FIRST DAY OF THE MONTH	3354	NA
SECOND DAY OF THE MONTH	3355	NA
THIRD DAY OF THE MONTH	3352	NA
THIN (OF HAIR AND THREAD)	2305	NA
LIGHT (IN TASTE)	2181	NA
TURN OVER	3537	NA
HARVEST CROPS	1827	NA
SHRINK	54	NA
BEG	3534	NA
CARRY (WITH POLE ON SHOULDER)	3438	NA
WASH (CLOTHES)	3434	NA
SKIN (HUMAN)	2613	NA
WARM (OF WEATHER)	2110	NA
FLOWING BODY OF WATER	3311	NA
GOVERN	382	NA
POINT (POINTED END)	3255	NA
SHORT (TIME)	3312	NA
OAR OR PADDLE	3318	NA
JEW’S HARP	3319	NA
FIELD (UPLAND)	2794	NA
SNARE (TRAP)	3320	NA
POND OR LAKE	3321	NA
SNOW OR ICE	3322	NA
MONSOON SEASON	3323	NA
IRON OR METAL	3324	NA
PEARL	3325	NA
LEATHER OR HIDE	3326	NA
YEARLING (HORSE)	3329	NA
LENTILS	3330	NA
FASTING	3331	NA
PRIEST OR SHAMAN	3332	NA
BELIEF (RELIGIOUS)	3333	NA
RITE	3334	NA
FUNERAL	3336	NA
BURIAL MOUND	3337	NA
POLAR STAR	3339	NA
MORNING STAR	3340	NA
EVENING STAR	3341	NA
URSA MAJOR	3342	NA
ORION’S BELT	3343	NA
BROWN	2409	NA
ORANGE (COLOR)	3328	NA
PURPLE	2452	NA
ELM	3317	NA
LYNX	3314	NA
FLAX	3315	NA
PIGLET	2564	NA
HOPS	3316	NA
AUTUMN OR HARVEST SEASON	3327	NA
BISON	3142	NA
JACKAL	3313	NA
RAVEN	2543	NA
SKELETON	2668	NA
NERVE	2626	NA
WRINKLE	2294	NA
UMBILICAL CORD	2663	NA
SOLE (FOOT)	2666	NA
BLOW (WITH NOSE)	2679	NA
MASSAGE (SOMEBODY)	3119	NA
HURT (SENSE PAIN)	2561	NA
CHICK	2512	NA
SNOUT	2200	NA
YAK	2477	NA
MOTH	2828	NA
SHEAR	1532	NA
BENCH	2584	NA
TWENTY TWO	3166	NA
WHOLE	2277	NA
KINDNESS	3468	NA
LEFT HANDED	2825	NA
WITCH	824	NA
MIRACLE	2541	NA
ERR	839	NA
GREET	3552	NA
DISGRACE	75	NA
IGNORE	41	NA
FLIRT	494	NA
REPEAT	880	NA
BY HEART	71	NA
PLAY (INSTRUMENT)	3124	NA
CLAP	3110	NA
DECIDE	685	NA
BARTER	370	NA
TRADE	898	NA
OFFEND	557	NA
TORTURE	1952	NA
EXPERIENCED	2218	NA
ATTENTIVE	1908	NA
BE IGNORANT	2651	NA
BORING	905	NA
DREADFUL	528	NA
INSOLENT	91	NA
KIND OR POLITE	583	NA
RUDE	1412	NA
CRUEL	500	NA
JEALOUS	2821	NA
FLEXIBLE	1691	NA
GREASY	955	NA
CURVED	1698	NA
GUEST OR STRANGER	2908	NA
BRIDE	1266	NA
DUMB	1492	NA
FAT (FOR NOURISHMENT)	2095	NA
FEW PIECES	3451	NA
FOOL	1438	NA
FREE	2316	NA
JUICE	1499	NA
LEMON	3091	NA
LORD	3153	NA
LOW (POSITION OR HEIGHT)	3348	NA
MANY PIECES	3453	NA
MUCH	3452	NA
SHUTTLE	543	NA
SIDE (BODY)	3344	NA
UNTAMED OR WILD	2230	NA
TORCH	1919	NA
TRIBE	1549	NA
TRUMPET	775	NA
YEAST	967	NA
BOY OR SON	2391	NA
DAUGHTER OR GIRL	2392	NA
COCK	1878	NA
FALL (OF SNOW AND RAIN)	2234	NA
STOP DOING	3351	NA
HAIR OR FUR	2678	NA
BIRTHMARK	1751	NA
MOLE	1907	NA
FRECKLE	530	NA
COOK (PERSON)	2315	NA
CLOVE	2000	NA
SPILL (SOMETHING)	3130	NA
MATERNAL UNCLE	3220	NA
SPOUSE	2514	NA
LIE (FALSEHOOD)	2826	NA
WAVE (VERB)	3544	NA
OPPRESS	401	NA
START	3449	NA
ABANDON	1097	NA
GO UP OR RISE (ONESELF)	3207	NA
HUMID	143	NA
WORRY	150	NA
MENSTRUATION	766	NA
RIVERBANK	3463	NA
FEMALE YAK	2479	NA
MANE	1918	NA
PAINT (SOMETHING)	3122	NA
KIND	3299	NA
DANGEROUS	3466	NA
PERIOD	508	NA
TWENTY THREE	3165	NA
PERHAPS	2278	NA
HELLO	3553	NA
GOODBYE	3554	NA
COME HERE	3555	NA
ACROSS	2670	NA
REVENGE	495	NA
BIRD OF PARADISE	2673	NA
CENTER	491	NA
CROSS-COUSIN	3162	NA
VIPER	2654	NA
EARTH (WET SUBSTANCE)	2158	NA
FELL (A TREE)	463	NA
PENIS SHEATH	2671	NA
GRANDPARENT	2399	NA
GREEN COCONUT	3034	NA
HEADWATERS	2672	NA
JOB'S TEARS	3281	NA
KNUCKLE	2824	NA
LOIN	187	NA
BE AT WAR	2208	NA
MANGROVE	350	NA
MUSCLE	1004	NA
NOON	2490	NA
ORAL CAVITY	2674	NA
MOVE QUICKLY	2220	NA
RACK (FOR STORING FOOD)	3176	NA
SAGO GRUB	2802	NA
SAGO THATCH	2616	NA
SCABIES	3172	NA
SHADOW	2275	NA
METEROID (SHOOTING OR SHINING STAR)	2288	NA
SUCKLE (BREASTFEED, NURSE)	2472	NA
TINEA	3173	NA
SPEAR (SOMEBODY)	473	NA
CEASE OR FINISH	2115	NA
TOENAIL	2662	NA
TRUNK OF TREE	776	NA
TUSK	3280	NA
THEE (OBLIQUE CASE OF YOU)	2304	NA
YOU (OBLIQUE CASE OF YOU)	2312	NA
SUNSHINE	3276	NA
SOIL	1015	NA
PUDDLE	2290	NA
FOUR DAYS BEFORE NOW	3278	NA
FOUR DAYS FROM NOW	3277	NA
MOSS	637	NA
FOREFINGER	577	NA
GROOM	3282	NA
YOUNGER BROTHER (OF WOMAN)	2417	NA
YOUNGER SISTER (OF MAN)	2420	NA
PATERNAL AUNT (FATHER'S OLDER SISTER)	3041	NA
MATERNAL AUNT (MOTHER'S OLDER SISTER)	3042	NA
GRAVEYARD	3284	NA
RICE FLOUR	3285	NA
BARREL	2548	NA
LARGE BOWL	3286	NA
CAGE	3283	NA
DELIVER	2033	NA
WEED	3288	NA
BLESSED	2529	NA
QUICKLY	3365	NA
YET	2577	NA
SQUAT	3163	NA
RICE EAR BUG	3158	NA
SLAP	3160	NA
GEBANG PALM	3156	NA
SERMON	3167	NA
SARONG	2413	NA
YOU (FORMAL ADDRESS)	2844	NA
PENALTY	1196	NA
THIN (OF HAIR AND LEAF)	2307	NA
TREATY	3169	NA
DOWRY	3168	NA
BURDEN STICK	3159	NA
RITUAL GROUND	3178	NA
BALE-BALE (RAISED PLATFORM IN HOUSE)	3177	NA
RINGWORM	3171	NA
YOUNGER SISTER (OF WOMAN)	2421	NA
COCONUT SHELL LADLE	2649	NA
EARTH (SOIL)	1228	land.n.02
DUST	2	dust.n.01
MUD	640	mud.n.01
MOUNTAIN OR HILL	2118	hill.n.01
PRECIPICE	618	precipice.n.01
PLAIN	652	plain.n.01
VALLEY	921	valley.n.01
CAVE	1155	cave.n.01
CALM	258	calm.a.02
ROUGH (OF SEA)	259	boisterous.s.03
BAY	663	bay.n.01
LAGOON	623	lagoon.n.01
TIDE	891	tide.n.01
HIGH TIDE	613	high_tide.n.01
WHIRLPOOL	1982	whirlpool.n.01
FOREST	420	forest.n.01
EARTHQUAKE	6	earthquake.n.01
THUNDER	1150	thunder.n.02
LIGHT (RADIATION)	630	luminosity.n.01
DARKNESS	11	dark.n.01
SHADE	1388	shadow.n.01
DEW	1977	dew.n.01
FLAME	889	fire.n.03
ASH	646	ash.n.01
EMBERS	67	ember.n.01
BURN (SOMETHING)	141	burn.v.07
EXTINGUISH	127	snuff_out.v.02
CHARCOAL	1188	charcoal.n.01
MOVE	765	move.v.02
TURN (SOMETHING)	1445	swing_around.v.01
ROLL	827	roll.v.14
RISE (MOVE UPWARDS)	568	rise.v.01
LIFT	501	raise.v.02
FALL	1280	fall.v.01
DRIP (EMIT LIQUID)	2253	drip.v.01
THROW	1456	flip.v.06
SHAKE	1909	shake.v.08
FLOW	2003	run.v.06
SINK (DESCEND)	1088	sink.v.01
FLOAT	1574	float.v.02
SWIM	1439	swim.v.01
SAIL	787	sail.v.03
BLOW (OF WIND)	175	blow.v.02
KNEEL	66	kneel.v.01
CROUCH	296	squat.v.01
JUMP	1829	jump.v.01
KICK	1135	kick.v.03
WALK	1443	walk.v.01
LIMP	366	limp.v.01
RUN	1519	run.v.01
GO	695	travel.v.01
GO UP (ASCEND)	705	ascend.v.01
CLIMB	1102	climb.v.01
GO OUT	1107	exit.v.01
COME	1446	arrive.v.01
LEAVE	1752	exit.v.01
DISAPPEAR	485	disappear.v.01
FLEE	956	flee.v.01
FOLLOW	1085	follow.v.01
ARRIVE	1387	arrive.v.01
APPROACH	1778	approach.v.01
ENTER	749	enter.v.01
CARRY	700	transport.v.02
BRING	692	bring.v.01
SEND	1127	mail.v.02
RIDE	367	ride.v.01
PUSH	1452	push.v.01
ROAD	667	road.n.01
AXLE	1769	axle.n.01
YOKE	14	yoke.n.05
CANOE	1970	canoe.n.01
ROW	1849	row.v.01
MAST	184	mast.n.01
PORT	610	port.n.01
HAVE	773	have.v.01
TAKE	1749	take.v.04
HOLD	1448	hold.v.02
GET	694	get.v.01
KEEP	1477	keep.v.03
THING	738	thing.n.12
GIVE	1447	give.v.03
GIVE BACK	85	refund.v.01
DESTROY	681	destroy.v.02
FIND	719	find.v.03
MONEY	1559	money.n.01
RICH	712	rich.a.01
POOR	1674	poor.a.02
BEGGAR	1934	beggar.n.01
STINGY	1774	stingy.a.01
LEND	582	lend.v.02
BORROW	1823	borrow.v.01
DEBT	1914	debt.n.02
PAY	718	pay.v.01
BILL	1081	bill.n.02
TAX	873	tax.n.01
EARN	733	gain.v.08
BUY	1869	buy.v.01
SELL	1571	sell.v.01
TRADE OR BARTER	2135	barter.v.01
MERCHANT	1082	merchant.n.01
MARKET	633	marketplace.n.02
STORE	752	shop.n.01
PRICE	657	price.n.02
EXPENSIVE	1426	expensive.a.01
CHEAP	1887	cheap.a.01
SHARE	884	partake.v.02
WEIGH	1098	weigh.v.01
PLACE (POSITION)	723	position.n.01
PUT	998	put.v.01
SIT	1416	sit_down.v.01
LIE DOWN	215	lie_down.v.01
STAND	1442	stand.v.01
REMAIN	987	stay.v.04
GATHER	7	gather.v.01
PICK UP	371	pick_up.v.02
JOIN	1743	join.v.02
SEPARATE	1359	separate.v.02
DIVIDE	1119	divide.v.01
OPEN	1156	open.v.01
SHUT	1046	close.v.01
COVER	761	cover.v.01
HIGH	1265	high.r.01
LOW	721	low.r.01
POINTED	372	pointed.a.01
EDGE	863	edge.n.06
SIDE	682	side.n.01
NEAR	1942	near.r.01
EAST	1877	east.n.01
WEST	1817	west.n.02
NORTH	1598	north.n.03
SOUTH	1595	south.n.03
GROW	479	grow.v.03
MEASURE	1506	measure.v.01
BIG	1202	large.a.01
SMALL	1246	small.a.01
LONG	1203	long.a.02
TALL	711	tall.a.01
SHORT	1645	short.a.02
WIDE	1243	wide.a.01
NARROW	1267	narrow.a.01
THICK	1244	thick.a.01
DEEP	1593	deep.a.03
SHALLOW	193	shallow.a.01
FLAT	1633	flat.s.01
STRAIGHT	1404	straight.a.02
CROOKED	297	crooked.a.01
HOOK	1071	hook.n.05
CROSS	1367	crisscross.n.01
ROUND	1395	round.a.01
CIRCLE	1467	circle.n.03
LINE	1048	line.n.04
HOLE	1667	hole.n.01
SIMILAR	1558	similar.a.01
CHANGE	1264	change.v.01
FIFTEEN	1709	fifteen.s.01
COUNT	1420	count.v.01
ALL	98	all.a.01
MANY	1198	many.a.01
MORE	1992	more.a.02
FEW	1242	few.a.01
ENOUGH	1881	enough.r.01
SOME	1241	some.a.01
CROWD	2023	crowd.n.01
FULL	1429	full.a.01
EMPTY	1624	empty.a.01
PART	779	part.n.02
HALF	816	one-half.n.01
ONLY	1580	entirely.r.02
FIRST	728	first.a.01
LAST (FINAL)	1529	last.a.02
SECOND	1384	second.s.01
PAIR	1888	pair.n.01
TWICE	1546	twice.r.01
THIRD	1859	third.s.01
TIME	892	time.n.05
AGE	1789	age.n.01
NEW	1231	new.a.01
YOUNG	1207	young.a.01
OLD	1229	old.a.01
EARLY	672	early.r.03
LATE	477	late.r.01
NOW	1376	now.r.04
IMMEDIATELY	1963	immediately.r.01
FAST	1631	fast.r.01
SLOW	701	slowly.r.01
HURRY	754	rush.v.04
CEASE	1928	end.v.01
READY	790	ready.a.01
ALWAYS	1676	always.r.01
OFTEN	1852	frequently.r.01
SOMETIMES	1544	sometimes.r.01
SOON	703	soon.r.01
NEVER	1656	never.r.01
AGAIN	204	again.r.01
DAWN	729	dawn.n.01
MIDDAY	12	noon.n.01
TODAY	1283	today.r.02
TOMORROW	1329	tomorrow.r.01
YESTERDAY	1174	yesterday.r.01
HOUR	1353	hour.n.01
CLOCK	1323	clock.n.01
WEEK	1469	week.n.01
SUNDAY	1699	sunday.n.01
MONDAY	1697	monday.n.01
TUESDAY	1695	tuesday.n.01
WEDNESDAY	1694	wednesday.n.01
THURSDAY	1693	thursday.n.01
FRIDAY	1692	friday.n.01
SATURDAY	1700	saturday.n.01
SEASON	691	season.n.02
SMELL (STINK)	1587	smell.v.02
STINKING	42	fetid.s.01
TASTE (SOMETHING)	21	taste.v.01
SALTY	1091	salty.s.03
BITTER	887	bitter.s.06
SOUR	1906	sour.a.02
HEAR	1408	hear.v.01
SOUND OR NOISE	1811	noise.n.01
LOUD	377	loudly.r.01
SEE	1409	see.v.01
LOOK	1819	look.v.01
SHOW	1039	indicate.v.02
SHINE	708	shine.v.02
BRIGHT	679	bright.a.01
DARK	706	dark.a.02
TOUCH	1892	touch.v.01
PINCH	378	pinch.v.01
FEEL	1079	feel.v.09
HARD	1884	hard.a.03
SOFT	1856	soft.a.01
SMOOTH	1234	smooth.a.01
SHARP	1396	sharp.a.09
BLUNT	379	blunt.s.02
WET	1726	wet.a.01
DRY	1398	dry.a.01
HOT	1286	hot.a.01
WARM	1232	warm.a.01
CLEAN	704	clean.a.01
DIRTY	1230	dirty.a.01
SURPRISED	1572	amazed.s.01
HAPPY	1495	happy.a.01
LAUGH	1355	laugh.v.01
SMILE	1451	smile.v.01
PLAY	1413	play.v.05
LOVE	923	love.v.03
KISS	578	snog.v.01
EMBRACE	928	embrace.v.02
PAIN	1783	pain.n.03
GRIEF	1668	grief.n.02
ANXIETY	1000	anxiety.n.02
REGRET	1875	repent.v.02
CRY	1839	cry.v.02
ANGER	82	anger.n.02
ENVY	40	jealousy.n.01
SHAME	1776	shame.n.01
PROUD	174	proud.a.01
DARE	1779	dare.v.02
BRAVE	3	brave.a.01
FEAR (FRIGHT)	781	fear.n.01
DANGER	1810	danger.n.01
WANT	1784	desire.v.01
CHOOSE	1750	choose.v.01
HOPE	1092	hope.v.02
FAITHFUL	100	faithful.a.01
TRUE	1657	true.a.01
LIE (MISLEAD)	601	lie.v.05
DECEIT	13	deception.n.02
FORGIVE	1528	forgive.v.01
GOOD	1035	good.a.01
BAD	1292	bad.a.01
WRONG	1390	faulty.s.02
FAULT	134	fault.n.06
MISTAKE	1293	mistake.n.01
BEAUTIFUL	1427	beautiful.a.01
UGLY	1548	ugly.a.01
GREEDY	2018	avaricious.s.01
CLEVER	1310	apt.s.03
MIND	1562	mind.n.01
BELIEVE	1890	believe.v.01
UNDERSTAND	1536	understand.v.01
KNOW (SOMETHING)	1410	know.v.01
GUESS	1932	estimate.v.01
IMITATE	117	imitate.v.01
SEEM	1521	look.v.02
WISE	698	wise.a.01
STUPID	1518	stupid.a.01
LEARN	504	learn.v.01
STUDY	1929	study.v.05
TEACH	709	teach.v.01
PUPIL (STUDENT)	753	student.n.01
REMEMBER	707	remember.v.01
FORGET	1523	forget.v.02
CLEAR	989	clear.a.01
OBSCURE	1764	obscure.s.01
SECRET	1121	secret.s.01
CERTAIN	509	certain.a.03
EXPLAIN	1626	explain.v.01
INTENTION	1162	intention.n.03
CAUSE	860	cause.n.01
DOUBT	1308	doubt.n.01
SUSPECT	1841	suspect.v.01
BETRAY	1902	fail.v.03
NEED (NOUN)	643	necessity.n.01
EASY	686	elementary.s.01
DIFFICULT	584	difficult.a.01
TRY	1812	try.v.01
MANNER	488	manner.n.01
VOICE	1363	voice.n.02
SING	1261	sing.v.02
SHOUT	715	exclaim.v.01
WHISPER	55	whisper.v.01
HOWL	526	howl.v.02
SPEAK	1623	speak.v.03
STUTTER	1866	bumble.v.03
SAY	1458	allege.v.01
TELL	1711	tell.v.03
SPEECH	1115	address.n.03
LANGUAGE	1307	language.n.01
WORD	1599	word.n.01
NAME	1405	name.n.01
ASK (INQUIRE)	1309	ask.v.05
ANSWER	1275	answer.v.01
ADMIT	2022	admit.v.01
DENY	755	deny.v.04
PROMISE	1675	promise.v.01
CALL	1084	call.v.05
ANNOUNCE	9	announce.v.01
BOAST	101	boast.v.01
TOWN	1391	town.n.01
VILLAGE	930	village.n.02
BOUNDARY	1010	boundary.n.02
PEOPLE	789	citizenry.n.01
RULE	1846	govern.v.03
NOBLE	482	lord.n.03
CITIZEN	1032	citizen.n.01
MASTER	383	overlord.n.01
SLAVE	812	slave.n.01
SERVANT	255	servant.n.01
OBEY	1635	obey.v.01
ENEMY	1358	foe.n.02
NEIGHBOUR	1332	neighbor.n.01
STRANGER	791	stranger.n.02
GUEST	1782	guest.n.01
HOST	1545	host.n.01
HELP	1897	help.v.01
CUSTOM	1747	custom.n.01
QUARREL	1848	quarrel.n.01
PLOT	2024	plot.n.01
MEET	1831	meet.v.09
PROSTITUTE	1610	prostitute.n.01
PERSON	683	person.n.01
MALE (OF PERSON)	2261	male.a.01
FEMALE (OF PERSON)	2260	female.s.03
GIRL	1646	female_child.n.01
BABY	1289	baby.n.01
HUSBAND	1200	husband.n.01
WIFE	1199	wife.n.01
MARRY	203	marry.v.01
DIVORCE	1134	divorce.n.01
PARENTS	505	parent.n.01
SON	1620	son.n.01
DAUGHTER	1357	daughter.n.01
GRANDMOTHER	1496	grandma.n.01
GRANDSON	1618	grandson.n.01
GRANDDAUGHTER	1619	granddaughter.n.01
AUNT	1272	aunt.n.01
NEPHEW	1063	nephew.n.01
NIECE	1642	niece.n.01
ANCESTORS	1669	ancestor.n.01
STEPFATHER	237	stepfather.n.01
STEPMOTHER	236	stepmother.n.01
STEPSON	1059	stepson.n.01
WIDOWER	1981	widower.n.01
RELATIVES	1644	relative.n.01
FIGHT	1423	contend.v.06
BATTLE	579	battle.n.01
SOLDIER	1941	soldier.n.01
CLUB	1763	club.n.03
SLING	387	sling.n.04
SPEAR	945	spear.n.01
ARMOUR	1061	armor.n.01
HELMET	1680	helmet.n.02
SHIELD	1064	shield.n.02
FORTRESS	1938	fortress.n.01
DEFEAT	782	defeat.n.01
ATTACK	722	attack.n.05
DEFEND	1330	defend.v.03
SURRENDER	1696	surrender.v.01
PRISONER	1072	prisoner.n.01
GUARD	1940	guard.n.01
BOOTY	1022	loot.n.01
AMBUSH	65	ambush.n.01
FISHING LINE	19	fishing_line.n.01
BAIT	2013	bait.n.02
HUNT	1435	hunt.v.01
SHOOT	1172	shoot.v.01
MISS (A TARGET)	161	miss.v.07
LAW	1062	law.n.01
JUDGMENT	1067	judgment.n.03
WITNESS	1144	witness.n.01
SWEAR	1939	swear.v.03
OATH	1712	oath.n.03
ACCUSE	1814	accuse.v.01
CONDEMN	484	sentence.v.01
ACQUIT	988	acquit.v.01
GUILTY	1682	guilty.a.01
INNOCENT	90	innocent.a.01
PUNISHMENT	390	punishment.n.01
FINE (PENALTY)	218	fine.n.01
PRISON	1281	prison.n.01
MURDER	845	murder.n.01
ADULTERY	902	adultery.n.01
RAPE	953	rape.n.03
ARSON	1889	arson.n.01
THIEF	1160	thief.n.01
LIVESTOCK	631	livestock.n.01
STABLE	851	stall.n.01
CATTLE	1153	cattle.n.01
OX	1169	ox.n.01
CALF	1989	calf.n.01
RAM	1344	ram.n.05
BOAR	1348	wild_boar.n.01
SOW (FEMALE PIG)	1351	sow.n.01
HE-GOAT	264	billy.n.02
KID	1972	kid.n.05
STALLION	936	stallion.n.01
MARE	938	mare.n.01
FOAL	1647	colt.n.01
MULE	890	mule.n.01
FOWL	265	domestic_fowl.n.01
HEN	1514	hen.n.01
GOOSE	1187	goose.n.01
VULTURE	1185	old_world_vulture.n.01
OWL	735	owl.n.01
MUROID (MOUSE OR RAT)	2139	rat.n.01
GILL	1916	gill.n.04
SHELL	598	shell.n.10
DOLPHIN	1479	dolphin.n.02
FRESHWATER EEL	1013	common_eel.n.01
INSECT	620	insect.n.01
NIT	267	nit.n.02
FLEA	232	flea.n.01
CENTIPEDE	1974	diplopoda.n.01
COCKROACH	1575	cockroach.n.01
BEESWAX	1931	beeswax.n.01
WORM	1219	worm.n.01
CROCODILE	1857	alligator.n.02
SKIN	763	hide.n.02
DANDRUFF	576	dandruff.n.02
BLOOD	946	blood.n.01
BLOOD VESSEL	525	artery.n.01
RIB	801	rib.n.02
HORN (ANATOMY)	1393	horn.n.02
SKULL	1605	skull.n.01
BRAIN	1583	brain.n.01
JAW	798	jaw.n.01
EYELID	17	eyelid.n.01
EYELASH	1540	eyelash.n.01
BLINK	1655	blink.v.01
NOSTRIL	1178	nostril.n.01
NASAL MUCUS (SNOT)	208	snot.n.02
MOUTH	674	mouth.n.01
BEAK	73	beak.n.02
NAPE (OF NECK)	1347	nape.n.01
THROAT	1346	throat.n.01
SHOULDER	1482	shoulder.n.01
COLLARBONE	1994	clavicle.n.01
ARMPIT	1886	armpit.n.01
ELBOW	981	elbow.n.01
WRIST	799	wrist.n.01
PALM OF HAND	1183	palm.n.01
CLAW	72	claw.n.01
LEG	1297	leg.n.02
THIGH	800	thigh.n.01
ANKLE	803	ankle.n.01
HEEL	980	heel.n.02
TOE	1389	toe.n.01
FEATHER	1201	feather.n.01
CHEST	1592	thorax.n.02
BREAST	1402	breast.n.02
NIPPLE	796	nipple.n.01
UDDER	154	udder.n.01
LUNG	688	lung.n.01
LIVER	1224	liver.n.01
KIDNEY	489	kidney.n.01
SPLEEN	1744	spleen.n.01
WAIST	1681	waist.n.01
HIP	1745	hip.n.01
BUTTOCKS	834	buttocks.n.01
PENIS	1222	penis.n.01
COUGH	879	cough.v.01
SNEEZE	1621	sneeze.v.01
SWEAT (PERSPIRE)	126	sweat.v.01
SPIT	1440	spit.v.01
VOMIT	1278	vomit.v.01
BITE	1403	bite.v.01
LICK	319	lick.v.02
SNORE	1983	snore.v.01
DREAM (SOMETHING)	1920	dream.v.02
WAKE UP	1602	wake_up.v.02
FART	1159	fart.v.01
PISS	592	make.v.49
SHIT (DEFECATE)	676	stool.v.04
HAVE SEX	1785	sleep_together.v.01
BATHE	138	bathe.v.01
BE BORN	1090	be_born.v.01
PREGNANT	1123	pregnant.a.01
CORPSE	767	cadaver.n.01
BURY	1719	bury.v.02
GRAVE	1773	grave.n.02
WEAK	1601	weak.a.01
HEALTHY	1364	healthy.a.01
SICK	1847	ill.a.01
FEVER	1534	fever.n.01
WOUND	1109	sore.n.01
BRUISE	1148	bruise.n.01
SWELLING	1903	swelling.n.01
ITCH	148	itch.n.03
BLISTER	1584	blister.n.03
BOIL (OF SKIN)	793	boil.n.01
PUS	1808	pus.n.02
SCAR	497	scar.n.01
CURE	499	bring_around.v.02
MEDICINE	1372	medicine.n.02
POISON	655	poison.n.01
TIRED	1757	tired.a.01
REST	168	rest.v.05
LAZY	1564	faineant.s.01
BALD	1125	bald.s.02
LAME	320	crippled.s.01
DEAF	996	deaf.a.01
MUTE	1666	dumb.s.04
BLIND	1653	blind.a.01
DRUNK	1463	intoxicated.a.01
NAKED	590	bare.s.01
FOOD	256	food.n.02
COOKED	269	cooked.a.01
RAW	1959	raw.a.03
RIPE	178	ripe.a.01
ROTTEN	1728	rotten.s.03
FAMINE	199	famine.n.02
SUCK	1421	suck.v.01
CHOKE	129	choke.v.04
ROAST OR FRY	2146	fry.v.02
BAKE	183	bake.v.02
KETTLE	854	kettle.n.01
BOWL	1530	bowl.n.01
MEAL	1526	meal.n.01
BREAKFAST	1322	breakfast.n.01
LUNCH	768	lunch.n.01
DINNER (SUPPER)	1833	dinner.n.01
PEEL	275	skin.v.04
MIX	2017	mix.v.04
KNEAD	274	knead.v.01
GRIND	1033	grind.v.05
MILL	636	mill.n.04
MORTAR CRUSHER	224	mortar.n.03
SAUSAGE	1874	sausage.n.01
SOUP	1547	soup.n.01
VEGETABLES	924	vegetable.n.01
BUNCH	1966	bunch.n.01
NUT	191	nut.n.01
OLIVE	1154	olive.n.01
FAT (ORGANIC SUBSTANCE)	323	fat.n.01
WINE	1524	wine.n.01
YOLK	1556	egg_yolk.n.01
PUT ON	158	wear.v.09
TAILOR	881	tailor.n.01
CLOTH	1616	fabric.n.01
WOOL	964	wool.n.02
COTTON	1850	cotton.n.02
SILK	1641	silk.n.01
FELT	325	felt.n.01
FUR	580	fur.n.03
LEATHER	629	leather.n.01
SPIN	121	spin.v.06
SPINDLE	277	spindle.n.04
WEAVE	133	weave.v.02
LOOM	1787	loom.n.01
SEW	1457	sew.v.01
AWL	278	awl.n.01
DYE	157	dye.v.01
CLOAK	326	cloak.n.02
COLLAR	2012	collar.n.01
BOOT	585	boot.n.01
HEADGEAR	2130	cap.n.01
VEIL	1151	head_covering.n.01
POCKET	1851	pocket.n.01
JEWEL	1029	jewel.n.01
BEAD	1860	bead.n.01
RAZOR	151	razor.n.01
OINTMENT	1926	ointment.n.01
DWELL (LIVE, RESIDE)	363	populate.v.01
HUT	1678	hovel.n.01
YARD	736	court.n.10
ROOM	1450	room.n.01
DOOR	1567	gate.n.01
CHIMNEY	1305	chimney.n.01
PILLOW	1044	pillow.n.01
TORCH OR LAMP	2131	torch.n.01
SHELF	745	shelf.n.01
TROUGH	205	manger.n.01
BOARD	1227	board.n.02
MASON	877	mason.n.04
ADOBE	901	adobe.n.02
FIELD	212	field.n.01
CULTIVATE	1541	cultivate.v.02
DITCH	2002	ditch.n.01
PLOUGH	1921	plow.v.01
FURROW	1794	furrow.n.01
PITCHFORK	337	pitchfork.n.01
SEED	714	seed.n.02
MOW	190	mow.v.01
SICKLE OR SCYTHE	2132	scythe.n.01
THRESH	285	thrash.v.06
THRESHING-FLOOR	223	threshing_floor.n.01
GRAIN	605	grain.n.08
WHEAT	1077	wheat.n.01
BARLEY	932	barley.n.02
RYE	23	rye.n.02
OAT	60	oat.n.01
PLANT (VEGETATION)	653	plant.n.02
BEECH	1950	beech.n.01
BIRCH	1855	birch.n.02
VINE	343	vine.n.01
TOBACCO	974	tobacco.n.01
PIPE	1124	pipe.n.01
BARK	1204	bark.n.01
SAP	345	sap.n.01
COCONUT	970	coconut.n.02
CITRUS FRUIT	1126	citrus.n.01
SWEET POTATO	159	sweet_potato.n.02
YAM	410	yam.n.04
CASSAVA	925	cassava.n.02
MUSHROOM	641	mushroom.n.02
WORK (LABOUR)	984	work.n.01
BEND	2004	flex.v.05
TIE	1917	tie.v.01
UNTIE	352	untie.v.01
STRIKE OR BEAT	2133	beat.v.03
SHEARS	356	shears.n.01
ADZE	290	adz.n.01
BROKEN	588	broken.s.11
RUB	1449	rub.v.01
STRETCH	214	elongate.v.01
PULL	1455	pull.v.01
HANG UP	357	hang.v.02
PRESS	1913	press.v.01
POUR	1487	pour.v.01
WASH	1453	wash.v.03
SWEEP	230	sweep.v.06
CARPENTER	1042	carpenter.n.01
BUILD	1840	construct.v.01
BORE	1501	bore.v.02
BLACKSMITH	1001	blacksmith.n.01
ANVIL	1648	anvil.n.01
CAST	211	cast.v.07
LEAD (CHEMICAL ELEMENT)	627	lead.n.02
CLAY	1399	clay.n.01
MAT	195	mat.n.01
CARVE	228	carve.v.01
CHISEL	1979	chisel.n.01
PAINT (PIGMENTS)	647	paint.n.01
SKY	1732	sky.n.01
SUN	1343	sun.n.01
MOON	1313	moon.n.01
STAR	1430	star.n.03
CLOUD	1489	cloud.n.02
WIND	960	wind.n.01
RAIN (PRECIPITATION)	658	rain.n.01
SNOW	784	snow.n.01
FOG	249	fog.n.01
WATER	948	water.n.06
RIVER	666	stream.n.01
LAKE	624	lake.n.01
FIRE	221	fire.n.03
LEFT	244	left.r.01
RIGHT	1019	right.r.04
YEAR	1226	year.n.01
MONTH	1370	calendar_month.n.01
DAY (24 HOURS)	1260	day.n.05
MORNING	1339	morning.n.01
COW	1007	cow.n.01
HORSE	615	horse.n.01
PIG	1337	hog.n.03
SHEEP	1331	sheep.n.01
DOG	2009	dog.n.01
CAT	1208	cat.n.01
BEAR	1820	bear.n.01
MONKEY	1350	monkey.n.01
WOLF	522	wolf.n.01
CHICKEN	1318	chicken.n.02
DOVE	1853	dove.n.01
BIRD	937	bird.n.01
EAGLE	1905	eagle.n.01
CROW	913	crow.n.01
SWALLOW	897	swallow.v.01
BAT	1793	bat.n.01
FROG	503	frog.n.01
FISH	227	fish.n.01
SNAKE	730	snake.n.01
BEE	665	bee.n.01
BUTTERFLY	1791	butterfly.n.01
ANT	587	ant.n.01
SPIDER	843	spider.n.01
FLY (INSECT)	1504	fly.n.01
MOSQUITO	1509	mosquito.n.01
EGG	744	egg.n.02
WING	1257	wing.n.01
TAIL	1220	tail.n.01
TREE	906	tree.n.01
PINE	1740	pine.n.01
BAMBOO	1927	bamboo.n.01
MAIZE	506	corn.n.01
BEAN	832	bean.n.01
PUMPKIN	864	squash.n.02
CHILI PEPPER	919	chili.n.02
PEPPER	1385	pepper.n.03
GRASS	606	grass.n.01
ROOT	670	root.n.01
LEAF	628	blade.n.01
FLOWER	239	flower.n.02
FRUIT	1507	fruit.n.01
BODY	1480	body.n.01
HEAD	1256	head.n.01
HAIR	1040	hair.n.01
FACE	1560	face.n.01
EYE	1248	eye.n.01
NOSE	1221	nose.n.01
EAR	1247	ear.n.01
TOOTH	1380	tooth.n.01
TONGUE	1205	tongue.n.01
BEARD	678	beard.n.01
NECK	1333	neck.n.01
HAND	1277	hand.n.01
FINGER	1303	finger.n.01
FINGERNAIL	1258	fingernail.n.01
BELLY	1251	abdomen.n.01
NAVEL	1838	navel.n.01
FOOT	1301	foot.n.01
KNEE	1371	knee.n.01
BONE	1394	bone.n.01
INTESTINES	1991	intestine.n.01
STOMACH	819	stomach.n.01
HEART	1223	heart.n.02
WOMAN	962	woman.n.01
CHILD (DESCENDANT)	1801	child.n.02
GRANDFATHER	1383	grandfather.n.01
FATHER	1217	father.n.01
MOTHER	1216	mother.n.01
FAMILY	194	family.n.02
HOUSE	1252	house.n.01
BRIDGE	1011	bridge.n.01
WALL (OF HOUSE)	933	wall.n.01
CLOTHES	1895	apparel.n.01
TROUSERS	809	trouser.n.01
EARRING	770	earring.n.01
BRACELET	1754	bracelet.n.02
SHOE	1381	shoe.n.01
SALT	1274	salt.n.02
MEAT	634	meat.n.01
TEA	1373	tea.n.01
SUGAR	862	sugar.n.01
KNIFE	1352	knife.n.01
HOE	284	hoe.n.01
BROOM	245	broom.n.01
SINK (BASIN)	915	sink.n.01
BOTTLE	1321	bottle.n.01
STOVE	859	stove.n.01
FIREWOOD	10	firewood.n.01
TABLE	1775	table.n.02
BED	1663	bed.n.01
LADDER	1464	ladder.n.01
LOCK	1596	lock.n.01
KEY	1472	key.n.01
MIRROR	1171	mirror.n.01
COMB	1475	comb.n.01
PAPER	648	paper.n.01
PEN	794	pen.n.01
BOOK	963	book.n.01
DANCE	1879	dance.v.02
GHOST	1175	ghost.n.03
LISTEN	1608	listen.v.01
EAT	1336	eat.v.01
DRINK	1401	drink.v.01
CHEW	321	chew.v.01
READ	724	read.v.01
SLEEP	1585	sleep.v.01
DO	813	act.v.02
PLANT (SOMETHING)	1486	plant.v.01
CUT	1432	cut.v.01
LEAD (GUIDE)	43	lead.v.01
CALL BY NAME	180	name.v.01
WRITE	1672	write.v.02
COOK (SOMETHING)	1100	cook.v.02
PILE UP	1576	pile_up.v.02
LIGHT (IGNITE)	737	ignite.v.01
LOOK FOR	1468	search.v.01
PURSUE	1047	pursue.v.02
STEAL	713	steal.v.01
HATE	1607	hate.v.01
BE	1579	be.v.03
COME BACK	581	hark_back.v.01
GO DOWN (DESCEND)	2014	descend.v.01
BREAK (DESTROY OR GET DESTROYED)	680	break.v.05
SHIVER	52	shudder.v.02
DIE	1494	die.v.01
FAR	1406	far.r.02
LIGHT (WEIGHT)	1052	light.a.01
HEAVY	1210	heavy.a.01
RED	156	red.s.01
YELLOW	1424	yellow.s.01
BLUE	837	blue.s.01
WHITE	1335	white.a.01
BLACK	163	black.a.01
GREEN	1425	green.s.01
COLD	1287	cold.a.01
SWEET	717	sweet.a.01
FRAGRANT	376	fragrant.a.01
ONE	1493	one.s.01
TWO	1498	two.s.01
THREE	492	three.s.01
FOUR	1500	four.s.01
FIVE	493	five.s.01
SIX	1703	six.s.01
SEVEN	1704	seven.s.01
EIGHT	1705	eight.s.01
NINE	1483	nine.s.01
TEN	1515	ten.s.01
HUNDRED	1634	hundred.s.01
THOUSAND	1843	thousand.s.01
HERE	136	here.r.01
THERE	1937	there.r.01
SPIRIT	53	spirit.n.01
ANIMAL	619	animal.n.01
ARM	1673	arm.n.01
ARROW	977	arrow.n.02
ASK (REQUEST)	1828	ask.v.02
AXE	677	ax.n.01
BACK	1291	back.n.01
BECOME	1990	become.v.01
BURNING	1428	burn.v.03
BEER	1639	beer.n.01
BOW	994	bow.n.04
BRANCH	1531	branch.n.02
BULL	1008	bull.n.01
MILLET	931	sorghum.n.01
CALF OF LEG	498	calf.n.02
CHAIR	1476	chair.n.01
CHEEK	1730	cheek.n.01
CHIN	1510	chin.n.01
CLAN	302	kin.n.02
FINISH	1766	complete.v.01
POT	1462	pot.n.01
COUNTRY	1300	country.n.02
DAY (NOT NIGHT)	1225	day.n.01
DIG	1418	dig.v.01
DONKEY	1862	domestic_ass.n.01
DRAW (WATER)	1911	draw.v.07
DRUM	908	drum.n.01
ELEPHANT	1290	elephant.n.01
EYEBROW	1173	eyebrow.n.01
FIREPLACE	185	fireplace.n.01
FLY (MOVE THROUGH AIR)	1441	fly.v.01
FOAM	1768	foam.n.01
GOAT	1502	goat.n.01
GOD	1944	deity.n.01
HONEY	942	honey.n.01
KILL	1417	kill.v.10
LIGHTNING	1654	lightning.n.01
LIP	478	lip.n.01
MILK	635	milk.n.01
NIGHT	1233	night.n.01
PATH	2252	path.n.02
REFUSE	49	refuse.v.01
ROOSTER	1511	cock.n.04
SAND	671	sand.n.01
SMOKE (EXHAUST)	778	smoke.n.02
SPLIT	1437	cleave.v.01
SPREAD OUT	38	unfold.v.04
DRAW MILK	93	milk.v.01
SUGAR CANE	146	sugarcane.n.01
TEAR (OF EYE)	1651	tear.n.01
TERMITE	883	termite.n.01
TESTICLES	797	testis.n.01
TICK	1527	tick.n.02
TWINS	1005	twin.n.01
UNRIPE	1958	green.a.03
WIPE	1454	wipe.v.01
YOUNG MAN	76	young_buck.n.01
BANANA	868	banana.n.02
PALM TREE	1181	palm.n.03
SPINE	805	spinal_column.n.01
ICE	617	ice.n.01
RAINBOW	1733	rainbow.n.01
WEATHER	952	weather.n.01
AFTERNOON	1807	afternoon.n.01
EVENING	1629	evening.n.01
GOLD	1369	gold.n.03
SILVER	759	silver.n.01
COPPER	1825	copper.n.01
IRON	621	iron.n.01
LION	1386	lion.n.01
DEER	1936	deer.n.01
DUCK	1360	duck.n.01
TURTLE	112	turtle.n.02
SNAIL	1543	snail.n.01
FIREFLY	206	glowworm.n.01
SCALE	266	scale.n.10
RICE	926	rice.n.02
FLOUR	1594	flour.n.01
POTATO	593	potato.n.01
GOURD	411	gourd.n.01
GRAPE	920	grape.n.01
CANDY	874	sweet.n.03
CIGARETTE	969	cigarette.n.01
SHIRT	1622	shirt.n.01
COAT	603	coat.n.01
SKIRT	1600	skirt.n.02
GLOVE	867	glove.n.02
STOCKING	329	stocking.n.01
TOWEL	1021	towel.n.01
TOILET	219	toilet.n.01
BEAM	1132	beam.n.02
WINDOW	1375	window.n.01
SPOON	1378	spoon.n.01
JUG	270	pitcher.n.02
GLUE	1069	glue.n.01
NEEDLE (FOR SEWING)	1382	needle.n.03
THREAD	1161	thread.n.01
ROPE	1218	rope.n.01
FAN (OBJECT)	1971	fan.n.01
WALKING STICK	1296	walking_stick.n.01
CANDLE	1273	candle.n.01
MATCH	1133	match.n.01
SOAP	788	soap.n.01
HAMMER	1481	hammer.n.02
TONGS	272	tongs.n.01
SAW	1948	saw.n.02
NAIL (TOOL)	502	nail.n.02
WHEEL	710	wheel.n.01
WOOD	1803	wood.n.01
GLASS	604	glass.n.01
POSTAGE STAMP	596	postage.n.02
CAR	1111	car.n.01
BICYCLE	747	bicycle.n.01
BOAT	1844	boat.n.01
STREET	1362	street.n.01
SCHOOL	673	school.n.02
LETTER	1612	letter.n.01
MOVIE	216	movie.n.01
BALL	1845	ball.n.03
HAWK	307	hawk.n.01
WHISTLE	1025	whistle.v.03
FOREHEAD	123	brow.n.01
THUMB	1781	thumb.n.01
MAN	1554	man.n.01
OLD MAN	406	old_man.n.01
OLD WOMAN	907	old_woman.n.01
CHILD (YOUNG HUMAN)	1304	child.n.01
BOY	1366	male_child.n.01
WIDOW	1756	widow.n.01
UNCLE	1327	uncle.n.01
OLDER BROTHER	1759	big_brother.n.02
YOUNGER BROTHER	1760	little_brother.n.01
OLDER SISTER	1758	big_sister.n.01
YOUNGER SISTER	1761	little_sister.n.01
TOP	1753	peak.n.04
BOTTOM	690	bottom.n.02
MIDDLE	1093	center.n.01
CORNER	192	corner.n.03
FREEZE	1431	freeze.v.02
SMELL (PERCEIVE)	1586	smell.v.01
SPLASH	365	sprinkle.v.02
SQUEEZE	1414	squeeze.v.02
CATCH	702	catch.v.04
WRAP	1113	wind.v.03
FOLD	1470	fold.v.01
TEAR (SHRED)	1735	tear.v.01
BRUSH	1821	brush.n.02
SCOLD	299	call_on_the_carpet.v.01
DRIVE	741	drive.v.01
YAWN	1028	yawn.v.01
SCRATCH	1436	rub.v.03
NO	1269	no.r.03
STRONG	785	strong.a.01
OTHER	197	other.a.01
NEST	539	nest.n.01
SCORPION	1538	scorpion.n.03
ALONE	1964	alone.r.02
BOOMERANG	135	boomerang.n.01
BREATHE	1407	breathe.v.01
CAMP	1105	camp.n.03
BASKET	1539	basket.n.01
CORRECT (RIGHT)	1725	correctly.r.01
CRAWL	96	crawl.v.01
DROWN	1904	drown.v.03
GRASSHOPPER	607	grasshopper.n.01
MAKE	734	produce.v.02
ROOF	769	roof.n.01
STAB	1434	knife.v.01
STINGRAY	1910	stingray.n.01
TENDON	1137	tendon.n.01
THIN	2308	thin.a.01
TURN	1588	turn.v.04
VULVA	1837	vulva.n.01
ISLAND	622	island.n.01
SWAMP	1145	swamp.n.01
WATERFALL	943	waterfall.n.01
HAMMOCK	2019	hammock.n.02
FISHNET	388	fishnet.n.01
FISHHOOK	1074	fishhook.n.01
PADDLE	234	paddle.n.04
TAPIR	312	tapir.n.01
JAGUAR	1250	jaguar.n.01
ANTEATER	181	anteater.n.02
TOUCAN	308	toucan.n.01
PARROT	882	parrot.n.01
SAVANNA	260	savanna.n.01
RATTLE	300	rattle.n.02
CHIEFTAIN	301	headman.n.02
HAIR (BODY)	189	body_hair.n.01
SEA	1474	sea.n.01
DOWN	1326	down.r.01
UP	1591	up.r.01
END (OF TIME)	743	end.n.03
LAST (ENDURE)	1186	last.v.01
THREE TIMES	417	thrice.r.01
TWENTY	1710	twenty.s.01
TWELVE	1707	twelve.s.01
ELEVEN	1706	eleven.s.01
SQUARE	850	square.n.04
FATHOM	81	fathom.n.01
END (OF SPACE)	742	end.n.09
HIDE (CONCEAL)	602	hide.v.01
REMAINS	838	remainder.n.01
WAGES	1122	wages.n.01
OWE	369	owe.v.03
COIN	1867	coin.n.01
LET GO OR SET FREE	1095	let_go_of.v.01
RESCUE	2008	rescue.v.01
PRESERVE	1997	conserve.v.02
OWN	684	own.v.01
LAND (DESCEND)	1922	land.v.06
ANCHOR	1870	anchor.n.01
SAILCLOTH	786	sail.n.01
RUDDER	108	oar.n.01
RAFT	1664	raft.n.01
OUTRIGGER	416	outrigger.n.01
SHIP	740	ship.n.01
CART	122	wagon.n.01
SLIP	1324	skid.v.04
DIVE	119	dive.v.03
PAINTING	2001	paint.v.02
STATUE	1002	statue.n.01
SCULPTOR	914	sculptor.n.01
FAN ACTION	360	fan.v.03
RUG	292	rug.n.01
MOLD	289	cast.v.07
POTTER	359	potter.n.01
FORGE	288	forge.v.01
HOLLOW OUT	46	hollow.v.02
TOOL	1361	instrument.n.02
PULL OFF (SKIN)	291	flay.v.01
CHOP	155	chop.v.01
CUT DOWN	355	slash.v.01
POUND	354	thump.v.03
KNOT	760	knot.n.02
CHAIN	1627	chain.n.03
NETTLE	33	nettle.n.01
BANYAN	346	banyan.n.01
TREE TRUNK	344	trunk.n.01
TREE STUMP	241	stump.n.01
SMOKE (INHALE)	1689	smoke.v.01
ACORN	968	acorn.n.01
FIR	1915	fir.n.02
OAK	644	oak.n.02
HAY	342	hay.n.01
HARVEST	611	crop.n.01
SOW SEEDS	748	sow.v.01
RAKE	338	rake.n.03
SHOVEL	1901	shovel.n.01
SPADE	1176	spade.n.02
FENCE	1690	fence.n.01
GARDEN	586	garden.n.03
FARMER	979	farmer.n.01
MORTAR BINDER	1731	mortar.n.02
BRICK	1006	brick.n.01
ARCH	876	arch.n.04
POST	281	pole.n.01
RAFTER	829	rafter.n.01
RIDGEPOLE	280	ridge.n.06
THATCH	279	thatch.n.02
BLANKET	806	blanket.n.01
FLOOR	1632	floor.n.01
LATCH	1012	bolt.n.03
DOORPOST	80	doorjamb.n.01
MEETING HOUSE	335	conventicle.n.02
COOKHOUSE	334	cookhouse.n.02
TENT	1316	tent.n.01
RAG	332	rag.n.01
TATTOO	68	tattoo.n.02
NECKLACE	1961	necklace.n.01
RING	1374	ring.n.08
ORNAMENT	917	adornment.n.01
PIN	64	straight_pin.n.01
BUTTON	757	button.n.01
BELT	772	belt.n.02
SHOEMAKER	875	cobbler.n.01
GRASS-SKIRT	328	grass_skirt.n.01
DRESS	474	dress.n.01
PONCHO	327	poncho.n.01
MEAD	941	mead.n.03
BEVERAGE	731	beverage.n.01
BUTTER	1245	butter.n.01
CHEESE	1569	cheese.n.01
OIL (ORGANIC SUBSTANCE)	1484	oil.n.01
FIG	322	fig.n.04
PESTLE	225	pestle.n.03
DOUGH	273	dough.n.01
BREAD	1368	bread.n.01
SCRAPE	1767	scrape.v.01
FORK	1302	fork.n.01
SAUCER	271	saucer.n.02
CUP	476	cup.n.01
PLATE	480	plate.n.04
DISH	481	dish.n.01
PAN	31	pan.n.01
OVEN	1143	oven.n.01
BOIL (OF LIQUID)	792	boil.v.01
PHYSICIAN	597	doctor.n.01
COMMON COLD (DISEASE)	102	cold.n.01
GOITER	1957	goiter.n.01
CONCEIVE	1087	conceive.v.03
BEGET	1152	beget.v.01
DRIBBLE	268	drivel.v.01
HICCOUGH	162	hiccup.v.01
WOMB	804	uterus.n.01
FOOTPRINT	318	footprint.n.01
SHOULDERBLADE	172	scapula.n.01
MOLAR TOOTH	1049	molar.n.01
GUMS	139	gingiva.n.01
EARWAX	32	cerumen.n.01
EARLOBE	18	earlobe.n.01
TEMPLES	1604	temple.n.02
PUBIC HAIR	36	pubic_hair.n.01
FLESH	2259	flesh.n.01
LIZARD	632	lizard.n.01
SANDFLY	95	simuliidae.n.01
WASP	1517	wasp.n.02
BEEHIVE	88	beehive.n.04
SPIDER WEB	1065	spider_web.n.02
CAMEL	1871	camel.n.01
FOX	1312	fox.n.01
WHALE	957	whale.n.02
SHARK	1110	shark.n.01
FIN	213	fin.n.06
OPOSSUM	309	opossum.n.02
RABBIT	1136	rabbit.n.01
SEAGULL	950	gull.n.02
HERON	758	heron.n.02
LAMB	820	lamb.n.01
EWE	1345	ewe.n.03
HERDSMAN	263	herder.n.02
PASTURE	649	pasture.n.01
FEMALE (OF ANIMAL)	2262	female.a.01
MALE (OF ANIMAL)	2263	male.s.03
ORPHAN	1149	orphan.n.01
STEPDAUGHTER	1058	stepdaughter.n.01
DESCENDANTS	490	descendants.n.01
COUSIN	1643	cousin.n.01
SIBLING	1640	sibling.n.01
SISTER	1263	sister.n.01
BROTHER	1262	brother.n.01
MARRIED WOMAN	426	wife.n.01
MARRIED MAN	424	husband.n.01
YOUNG WOMAN	77	girl.n.01
AIR	27	air.n.01
STORM	858	storm.n.01
BOLT (OF LIGHTNING)	2007	thunderbolt.n.01
STONE OR ROCK	2125	rock.n.01
SPRING OR WELL	2144	well.n.01
LOW TIDE	1026	low_tide.n.01
WAVE	978	wave.n.01
CAPE	1662	cape.n.01
REEF	660	reef.n.01
OCEAN	645	ocean.n.01
SHORE	113	shore.n.01
MAINLAND	166	mainland.n.01
LAND	626	land.n.04
WINTER	1471	winter.n.01
SPRINGTIME	1537	spring.n.01
SUMMER	1342	summer.n.01
AUTUMN	1276	fall.n.01
SNIFF	375	sniff.v.01
BRACKISH	70	brackish.s.02
COLOR	1613	color.n.01
LIGHT (COLOR)	250	light.a.06
ROUGH	1923	rough.a.01
WRINKLED	380	wrinkled.a.01
GOOD LUCK	720	good_fortune.n.01
BAD LUCK	56	misfortune.n.02
PITY	1141	commiseration.n.01
GROAN	716	groan.v.01
BLAME	381	incrimination.n.01
PRAISE	1687	praise.n.01
THINK (REFLECT)	1415	think.v.03
THINK (BELIEVE)	1513	think.v.02
IDEA	1609	idea.n.01
MAD	1899	brainsick.s.01
TEACHER	1038	teacher.n.01
MUMBLE	128	mumble.v.01
SHRIEK	298	shriek.v.01
FORBID	83	forbid.v.01
THREATEN	1192	threaten.v.02
POET	1045	poet.n.01
FLUTE	777	flute.n.01
BRASS INSTRUMENT (HORN OR TRUMPET)	2136	cornet.n.01
NATIVE COUNTRY	89	fatherland.n.01
KING	1508	king.n.01
QUEEN	1306	queen.n.02
FREEMAN	384	freeman.n.01
FRIEND	1325	friend.n.01
PEACE	1338	peace.n.01
ARMY	1561	army.n.01
WEAPONS	951	weapon.n.01
BATTLE-AXE	386	battle-ax.n.01
SWORD	1535	sword.n.01
TOWER	1671	tower.n.01
VICTORY	783	victory.n.01
RETREAT	421	withdraw.v.01
FISHERMAN	1858	fisherman.n.01
TRAP (PITFALL)	1075	trap.n.01
TRAP (CATCH)	1170	trap.v.02
COURT	1068	court.n.08
ADJUDICATE	1818	decide.v.02
JUDGE	861	judge.n.01
PLAINTIFF	2020	plaintiff.n.01
DEFENDANT	1034	defendant.n.01
CONVICT	983	convict.v.01
PERJURY	1792	perjury.n.01
RELIGION	661	religion.n.02
TEMPLE	911	temple.n.01
ALTAR	853	altar.n.02
SACRIFICE	1103	sacrifice.n.04
WORSHIP	257	worship.v.02
PRAY	24	pray.v.01
PRIEST	852	priest.n.02
HOLY	1702	holy.a.01
PREACH	304	preach.v.01
BLESS	391	bless.v.01
CURSE	8	curse.v.03
ABSTAIN FROM FOOD	303	fast.v.01
HEAVEN	1565	heaven.n.02
HELL	878	hell.n.03
DEMON	1973	devil.n.02
IDOL	1945	idol.n.01
MAGIC	392	magic.n.01
MAGICIAN	2137	enchantress.n.02
OMEN	107	omen.n.01
GRANDPARENTS	305	grandparent.n.01
VAGINA	1836	vagina.n.01
SQUIRREL	1628	squirrel.n.01
CHAMELEON	1555	chameleon.n.03
LIFE	210	animation.n.01
DISEASE	1986	disease.n.01
TWIST	430	twist.v.05
BEGIN	1806	begin.v.03
ELK	1772	elk.n.01
HARE	1190	hare.n.01
SONG	1096	song.n.01
PIECE	594	part.n.03
SLED	16	sled.n.01
NEWSPAPER	1298	newspaper.n.01
CHURCH	1349	church.n.02
GUN	1566	gun.n.01
DAMAGE	1116	damage.v.01
INVITE	1611	invite.v.02
GRANDCHILD	1617	grandchild.n.01
HEAD LOUSE	310	head_louse.n.01
MUSIC	642	music.n.04
PLAIT	333	braid.n.01
TRAIN	900	train.n.01
AIRPLANE	1597	airplane.n.01
BANK	1284	depository_financial_institution.n.01
SIEVE	86	sift.v.02
DRIP (FALL IN GLOBULES)	808	drop.v.01
ZERO	1294	zero.s.01
QUIET	1314	quiet.a.02
BUFFALO	934	old_world_buffalo.n.01
LOSE	1660	lose.v.05
NEXT	1354	following.s.02
NUMBER	1356	number.n.02
ORDER	1128	order.v.01
PEG	361	peg.n.01
PLAIT OR BRAID OR WEAVE	1729	braid.v.01
MACHINE	144	machine.n.01
WEDDING	1259	marriage.n.03
LINEN	916	linen.n.01
INJURE	44	injure.v.01
HIRE	856	hire.v.01
PERMIT	1003	permit.v.01
PREVENT	1550	prevent.v.02
RADIO	1315	radio_receiver.n.01
TELEVISION	1788	television_receiver.n.01
TELEPHONE	1379	telephone.n.01
MOTORCYCLE	638	motorcycle.n.01
BUS	1070	bus.n.01
ELECTRICITY	59	electricity.n.02
BATTERY	662	battery.n.02
HOSPITAL	616	hospital.n.02
NURSE	1104	nurse.n.01
PILL	395	pill.n.02
INJECTION	1805	injection.n.03
FAUCET	1488	faucet.n.01
MATTRESS	105	mattress.n.01
GOVERNMENT	815	government.n.01
PRESIDENT	899	president.n.03
MINISTER	486	minister.n.02
POLICE	656	police.n.01
DRIVER'S LICENSE	599	driver's_license.n.01
CRIME	1066	crime.n.01
ELECTION	240	election.n.01
MAIL	167	mail.n.02
CAN	1051	can.n.01
SCREW	1802	screw.n.04
SCREWDRIVER	836	screwdriver.n.01
SPECTACLES	1898	spectacles.n.01
PLASTIC	654	plastic.n.01
BOMB	1804	bomb.n.01
WORKSHOP	1677	workshop.n.01
CALENDAR	1967	calendar.n.03
ADDRESS	591	address.n.06
BIRTH CERTIFICATE	397	birth_certificate.n.01
BRAKE	966	brake.v.02
PETROLEUM	650	petroleum.n.01
MOTOR	110	motor.n.01
LIBERATE	37	liberate.v.03
LICENSE PLATE	1790	license_plate.n.01
POSTCARD	1497	postcard.n.01
SAME	200	same.a.01
COFFEE	1299	coffee.n.01
COYOTE	912	coyote.n.01
QUAIL	1893	quail.n.02
RACCOON	828	raccoon.n.02
REINDEER	1876	caribou.n.01
BEAVER	1194	beaver.n.07
LASSO	340	lasso.n.02
LARCH	116	larch.n.02
NEEDLE TREE	286	acerate_leaf.n.01
ARCTIC LIGHTS	261	aurora_borealis.n.01
TAN	247	tan.v.01
SNOWSHOE	233	snowshoe.n.01
CIRCUMCISION	393	circumcision.n.03
CONE	287	cone.n.03
BODY LOUSE	311	body_louse.n.01
WHETSTONE	295	whetstone.n.01
CORMORANT	840	cormorant.n.01
KANGAROO	164	kangaroo.n.01
RETURN HOME	142	go_home.v.01
STEAM	1193	steam.n.01
CARCASS	1770	carcase.n.01
PADLOCK	336	padlock.n.01
BEGINNING	1557	beginning.n.01
MOSQUE	1603	mosque.n.01
DEAD	1625	dead.a.01
PRAWNS	238	prawn.n.01
GRASP	2021	grasp.v.01
